DATE,Alaska,Alabama,Arkansas,Arizona,California,Colorado,Connecticut,District of Columbia,Delaware,Florida,Georgia,Hawaii,Iowa,Idaho,Illinois,Indiana,Kansas,Kentucky,Louisiana,Massachusetts,Maryland,Maine,Michigan,Minnesota,Missouri,Mississippi,Montana,North Carolina,North Dakota,Nebraska,New Hampshire,New Jersey,New Mexico,Nevada,New York,Ohio,Oklahoma,Oregon,Pennsylvania,Rhode Island,South Carolina,South Dakota,Tennessee,Texas,Utah,Virginia,Vermont,Washington,Wisconsin,West Virginia,Wyoming
1/1/00,,1830,1314,124,1490,543,910,278,185,530,2220,,2231,163,4828,2518,1473,2148,1384,2788,1189,695,2423,1754,3108,1553,245,1897,321,1067,412,1884,196,43,7283,4161,800,415,6313,430,1342,403,2023,3055,277,1858,344,523,2072,959,93
1/1/01,,1907,1341,131,1550,581,931,285,187,544,2263,,2227,176,4914,2541,1490,2162,1412,2794,1200,699,2450,1805,3128,1578,261,1926,346,1078,412,1889,206,45,7449,4216,916,434,6439,441,1361,418,2041,3132,284,1887,347,583,2109,972,100
1/1/02,,1935,1360,138,1623,621,952,290,188,565,2305,,2222,199,4992,2567,1505,2177,1440,2856,1210,703,2477,1862,3147,1603,270,1956,371,1089,409,1917,218,49,7612,4322,1027,454,6567,450,1379,431,2060,3210,292,1894,349,651,2141,1000,105
1/1/03,,1957,1384,144,1702,652,972,295,190,587,2346,,2217,216,5071,2594,1498,2191,1467,2924,1209,709,2505,1901,3166,1628,282,1986,396,1104,394,1969,229,52,7771,4386,1118,479,6699,460,1397,437,2082,3291,299,1890,350,719,2171,1037,108
1/1/04,,1978,1419,151,1792,659,987,302,192,599,2387,,2212,229,5161,2614,1527,2205,1495,2969,1217,719,2534,1945,3185,1653,293,2017,421,1119,407,2050,242,56,7927,4458,1200,504,6833,471,1415,452,2086,3374,308,1889,353,782,2202,1064,111
1/1/05,,2012,1447,158,1893,680,1010,308,194,615,2427,,2211,246,5241,2635,1555,2220,1523,3018,1237,723,2579,1981,3204,1678,305,2051,446,1129,423,2151,255,59,8084,4530,1277,530,6970,481,1433,461,2111,3459,316,1917,354,842,2231,1094,114
1/1/06,,2045,1465,167,1976,707,1033,313,196,628,2466,,2214,262,5309,2663,1576,2234,1551,3107,1251,729,2626,1987,3223,1703,322,2077,474,1138,415,2239,269,64,8289,4587,1349,555,7110,492,1451,477,2136,3546,327,1942,355,904,2250,1122,118
1/1/07,,2058,1484,176,2054,733,1057,317,197,645,2505,,2217,277,5384,2679,1612,2249,1579,3183,1257,731,2693,1995,3242,1728,332,2105,501,1149,423,2314,283,68,8499,4630,1414,580,7253,505,1468,498,2136,3636,339,1952,355,967,2268,1149,125
1/1/08,,2070,1513,186,2161,757,1077,321,199,684,2543,,2220,291,5474,2677,1629,2263,1607,3251,1269,735,2722,2020,3260,1753,346,2142,528,1161,428,2403,298,73,8714,4677,1498,610,7398,519,1485,527,2164,3727,351,1994,354,1028,2292,1174,133
1/1/09,,2108,1545,196,2282,775,1097,327,201,724,2580,,2223,311,5567,2678,1658,2278,1634,3316,1289,740,2771,2051,3279,1777,363,2174,555,1177,431,2487,314,78,8935,4701,1585,643,7546,532,1502,553,2177,3821,363,2038,356,1091,2317,1203,141
1/1/10,,2150,1583,206,2406,804,1122,334,203,756,2618,,2228,329,5668,2713,1692,2299,1667,3365,1302,745,2832,2086,3301,1802,380,2221,580,1198,431,2550,329,82,9137,4786,1671,677,7706,545,1523,590,2191,3922,377,2071,357,1148,2345,1231,147
1/1/11,,2185,1610,212,2534,821,1149,344,207,773,2644,,2249,343,5757,2751,1684,2324,1695,3383,1324,751,2916,2119,3317,1810,397,2276,584,1216,432,2610,334,81,9249,4821,1714,692,7850,556,1548,602,2197,4016,387,2092,358,1167,2369,1266,150
1/1/12,,2217,1636,217,2668,832,1176,340,209,801,2676,,2279,359,5828,2785,1671,2347,1709,3440,1345,753,2997,2147,3344,1817,414,2313,603,1232,434,2670,338,81,9361,4893,1737,706,7986,567,1572,592,2218,4107,399,2122,359,1184,2407,1291,153
1/1/13,,2279,1664,236,2811,835,1208,358,213,828,2733,,2305,371,5961,2824,1663,2374,1727,3534,1368,763,3101,2190,3409,1827,433,2362,609,1246,439,2729,344,82,9473,4997,1777,722,8139,578,1599,584,2257,4207,410,2176,361,1209,2438,1317,157
1/1/14,,2336,1688,253,2934,846,1233,368,216,871,2776,,2338,384,6109,2857,1662,2395,1740,3636,1389,772,3183,2234,3467,1832,452,2421,620,1264,442,2789,348,83,9585,5109,1824,736,8276,589,1622,581,2289,4300,422,2241,362,1231,2490,1362,163
1/1/15,,2345,1702,263,3008,868,1258,361,217,922,2810,,2366,394,6194,2873,1687,2401,1755,3705,1401,774,3263,2273,3492,1826,469,2473,641,1272,443,2850,351,82,9700,5251,1860,745,8362,597,1635,585,2294,4368,430,2294,360,1239,2535,1387,167
1/1/16,,2359,1719,282,3071,892,1294,360,219,924,2856,,2376,405,6274,2897,1727,2411,1799,3726,1415,775,3353,2308,3527,1823,487,2513,652,1275,445,2918,354,82,9848,5366,1907,756,8463,598,1650,595,2304,4444,436,2316,360,1255,2562,1414,174
1/1/17,,2361,1737,311,3171,910,1327,385,222,895,2885,,2382,413,6313,2910,1748,2421,1795,3738,1428,777,3451,2329,3470,1820,505,2546,661,1285,447,2976,361,81,9993,5510,1960,763,8578,606,1675,599,2331,4563,444,2313,372,1287,2587,1439,186
1/1/18,,2343,1749,320,3262,906,1329,418,220,865,2941,,2351,405,6275,2880,1729,2425,1746,3695,1467,760,3499,2291,3325,1813,501,2522,636,1266,440,3043,382,77,9936,5547,1969,763,8524,604,1746,570,2288,4666,437,2359,352,1341,2597,1438,181
1/1/19,,2337,1742,329,3339,938,1359,445,221,898,2870,,2379,424,6392,2906,1756,2413,1756,3785,1445,762,3591,2346,3371,1790,534,2535,648,1290,443,3136,362,77,10252,5683,2003,774,8643,603,1687,606,2305,4631,446,2318,352,1333,2600,1464,191
1/1/20,,2359,1756,340,3554,937,1391,440,219,962,2926,,2400,433,6663,2947,1769,2421,1813,3882,1464,771,3723,2403,3404,1800,543,2588,646,1300,444,3198,363,78,10282,5799,2055,788,8740,613,1685,640,2329,4723,453,2347,353,1373,2679,1470,197
1/1/21,,2402,1769,351,3795,961,1415,446,216,997,2965,,2407,435,6858,2976,1779,2436,1847,3951,1492,775,3872,2434,3429,1823,546,2651,646,1309,449,3297,370,80,10416,5921,2108,798,8900,629,1693,652,2369,4853,457,2395,355,1405,2722,1485,203
1/1/22,,2434,1772,360,3991,965,1431,450,214,1044,2965,,2428,436,6958,2965,1799,2450,1871,4010,1509,778,3942,2451,3437,1836,543,2700,647,1312,451,3380,375,81,10589,6054,2140,814,8982,644,1692,660,2424,4955,467,2412,354,1415,2761,1498,208
1/1/23,,2464,1784,371,4270,984,1455,453,215,1097,2954,,2425,436,7068,3042,1808,2480,1903,4057,1521,781,4063,2487,3454,1858,538,2761,648,1321,453,3472,382,82,10752,6183,2159,833,9148,656,1699,669,2463,5077,474,2423,354,1433,2803,1526,211
1/1/24,,2501,1800,382,4541,1014,1481,456,219,1160,2920,,2420,434,7215,3086,1807,2531,1939,4102,1537,788,4214,2521,3508,1886,538,2830,642,1333,457,3573,390,84,10953,6319,2179,856,9383,669,1710,673,2502,5210,481,2426,355,1467,2833,1577,215
1/1/25,,2534,1812,393,4730,1019,1506,461,222,1264,2883,,2427,436,7306,3119,1825,2520,1972,4154,1556,792,4331,2540,3526,1910,535,2895,643,1343,459,3664,396,85,11186,6434,2216,883,9478,680,1718,682,2531,5332,487,2423,355,1494,2863,1593,216
1/1/26,,2567,1826,403,4929,1016,1531,469,225,1368,2869,,2432,441,7395,3148,1836,2545,2005,4194,1576,793,4451,2560,3556,1935,531,2959,651,1353,463,3758,403,87,11257,6504,2256,905,9594,681,1726,683,2553,5453,494,2419,356,1516,2892,1623,217
1/1/27,,2609,1840,414,5147,1028,1557,476,229,1418,2891,,2441,447,7519,3191,1836,2551,2039,4223,1599,796,4589,2588,3576,1962,527,3027,657,1365,466,3891,410,88,11174,6577,2306,925,9745,677,1736,682,2608,5577,500,2433,357,1538,2916,1671,219
1/1/28,,2640,1847,422,5344,1014,1577,479,233,1433,2903,,2450,449,7576,3212,1850,2567,2064,4217,1610,797,4665,2592,3601,1981,541,3082,665,1371,468,3968,416,89,11599,6608,2344,936,9802,678,1739,685,2624,5675,504,2435,358,1551,2923,1696,220
1/1/29,,2644,1852,430,5531,1008,1594,483,236,1445,2903,,2460,447,7606,3226,1867,2606,2086,4229,1621,797,4795,2572,3622,1998,524,3133,674,1375,467,3989,420,90,12171,6626,2372,947,9723,684,1739,690,2604,5762,508,2425,359,1555,2934,1717,223
1/1/30,,2647,1859,434,5711,1040,1613,488,239,1471,2910,,2475,447,7644,3242,1883,2623,2105,4250,1636,800,4834,2576,3646,2006,539,3167,682,1380,466,4068,427,92,12647,6662,2401,956,9649,686,1745,693,2619,5844,509,2427,360,1568,2950,1733,226
1/1/31,,2649,1848,429,5824,1056,1628,504,242,1493,2924,,2482,454,7687,3257,1881,2652,2124,4248,1657,807,4798,2614,3711,1994,540,3184,680,1384,470,4120,436,94,12848,6694,2403,966,9707,681,1753,694,2657,5907,513,2445,359,1581,2990,1740,229
1/1/32,,2653,1836,426,5894,1066,1637,513,245,1521,2935,,2489,459,7736,3281,1883,2676,2155,4259,1678,815,4780,2646,3746,2004,540,3227,676,1386,474,4120,441,96,13001,6717,2394,972,9764,677,1748,692,2711,5961,517,2452,358,1584,3021,1747,230
1/1/33,,2661,1854,426,5963,1071,1642,529,248,1552,2950,,2495,464,7768,3304,1877,2698,2178,4282,1694,821,4780,2673,3773,2031,541,3268,674,1385,477,4107,449,96,13126,6740,2392,978,9784,675,1752,690,2747,6014,520,2460,357,1592,3040,1752,230
1/1/34,,2685,1878,428,6060,1075,1650,568,250,1585,2964,,2510,473,7772,3319,1868,2722,2202,4305,1710,829,4798,2695,3784,2050,545,3304,672,1382,480,4089,461,98,13253,6751,2391,985,9795,675,1760,682,2784,6053,522,2485,357,1610,3054,1771,233
1/1/35,,2719,1890,434,6175,1078,1666,608,252,1613,2955,,2524,481,7797,3332,1872,2748,2228,4343,1729,836,4838,2717,3798,2061,550,3323,670,1375,481,4085,475,100,13375,6787,2386,1001,9774,678,1769,674,2798,6123,526,2520,357,1629,3070,1794,237
1/1/36,,2743,1892,443,6341,1090,1672,629,253,1651,2978,,2509,495,7840,3348,1869,2768,2246,4355,1745,840,4889,2734,3801,2072,554,3346,664,1358,481,4084,489,101,13481,6801,2365,1025,9767,686,1781,666,2791,6192,527,2552,357,1653,3082,1808,240
1/1/37,,2762,1903,453,6528,1104,1678,616,254,1709,3037,,2498,507,7857,3374,1856,2784,2257,4358,1754,842,4968,2746,3794,2086,554,3385,655,1339,481,4088,503,103,13511,6809,2334,1048,9790,694,1802,656,2795,6250,529,2590,356,1681,3088,1813,243
1/1/38,,2787,1928,466,6656,1112,1684,638,257,1771,3091,,2494,513,7866,3386,1842,2800,2285,4365,1766,843,5056,2753,3781,2127,552,3440,647,1326,485,4100,513,105,13512,6837,2324,1067,9952,694,1834,649,2821,6301,535,2638,356,1698,3098,1828,246
1/1/39,,2814,1948,484,6785,1120,1696,658,263,1836,3120,,2520,521,7890,3403,1824,2825,2334,4347,1793,846,5156,2771,3783,2168,555,3514,644,1318,490,4129,523,107,13523,6886,2333,1081,9901,701,1872,645,2874,6360,543,2670,358,1715,3121,1868,248
1/1/40,,2845,1955,499,6950,1130,1708,690,269,1915,3119,,2537,522,7905,3433,1788,2859,2370,4318,1839,849,5315,2790,3786,2176,558,3574,640,1316,492,4175,531,113,13456,6929,2325,1086,9896,719,1902,641,2935,6425,552,2720,363,1740,3143,1907,250
1/1/41,,2902,1969,490,7237,1124,1746,764,275,2017,3179,,2491,501,7995,3483,1765,2824,2484,4389,1913,852,5472,2718,3811,2184,543,3589,615,1272,490,4254,506,120,13267,6958,2262,1071,9911,731,1962,613,2973,6585,551,2855,348,1789,3140,1885,247
1/1/42,,2941,1977,524,7735,1113,1792,851,279,2151,3209,,2439,478,8057,3507,1760,2797,2546,4370,1998,839,5549,2662,3829,2210,518,3569,583,1239,481,4297,502,137,13002,6969,2215,1107,9704,748,2007,589,2939,6711,575,3038,343,1901,3053,1831,251
1/1/43,,2902,1843,692,8506,1153,1792,900,282,2451,3245,,2334,500,7761,3449,1796,2693,2565,4257,2089,806,5405,2577,3705,2280,485,3654,546,1241,462,4226,534,151,12807,6868,2205,1221,9444,760,1967,587,2972,7012,631,3130,327,2027,3014,1741,247
1/1/44,,2802,1768,610,8945,1137,1778,881,285,2420,3176,,2301,529,7719,3440,1779,2631,2508,4192,2118,801,5467,2526,3560,2167,469,3560,534,1216,456,4158,527,153,12628,6918,2043,1233,9214,795,1943,565,2868,6876,605,3248,314,2092,2980,1706,242
1/1/45,,2775,1762,594,9344,1116,1769,876,286,2465,3119,,2308,507,7601,3427,1731,2597,2429,4201,2096,800,5475,2537,3516,2090,477,3533,546,1211,459,4108,537,149,12495,6916,2028,1250,9143,776,1934,579,2878,6826,591,3193,315,2206,2961,1708,239
1/1/46,,2911,1797,616,9559,1203,1906,899,299,2440,3242,,2467,509,8155,3702,1805,2761,2556,4494,2214,832,5874,2734,3746,2064,514,3706,570,1256,494,4492,561,143,13398,7512,2128,1338,9866,770,1936,588,3074,7197,638,3212,342,2288,3167,1826,254
1/1/47,,2942,1836,653,9832,1237,1967,888,305,2528,3272,,2509,522,8341,3779,1853,2803,2579,4580,2248,854,6076,2796,3845,2107,531,3769,578,1265,507,4618,582,149,13982,7705,2133,1361,10196,776,1992,601,3166,7388,636,3201,354,2211,3250,1883,258
1/1/48,,2969,1825,690,10064,1263,2014,840,312,2578,3259,,2543,551,8552,3877,1892,2817,2596,4674,2271,878,6213,2868,3844,2076,542,3837,580,1265,520,4774,604,156,14497,7876,2089,1405,10287,787,1996,612,3216,7626,653,3207,359,2255,3314,1899,269
1/1/49,,3000,1844,714,10337,1295,2032,807,316,2668,3325,,2578,570,8670,3958,1925,2849,2634,4741,2329,903,6332,2935,3882,2085,569,3911,597,1302,533,4889,644,157,14892,7973,2105,1431,10390,801,2029,631,3236,7623,671,3292,369,2294,3391,1930,277
1/1/50,135,3058,1908,756,10677,1325,2016,806,321,2810,3458,498,2625,590,8738,3967,1916,2936,2697,4686,2355,917,6407,2997,3964,2176,593,4068,619,1327,532,4872,689,162,14865,7980,2229,1532,10507,786,2113,655,3315,7776,696,3315,379,2387,3438,2006,290
1/1/51,158,3059,1901,785,11134,1326,2028,808,331,2980,3531,514,2617,589,8790,4096,1950,2941,2769,4654,2441,916,6497,3010,4015,2163,596,4120,604,1316,529,5006,717,168,14890,8061,2210,1556,10461,784,2167,655,3372,8111,706,3434,378,2424,3439,1984,291
1/1/52,189,3068,1838,842,11635,1365,2081,805,341,3157,3584,517,2626,587,8956,4148,1977,2920,2842,4650,2500,915,6650,3030,3972,2152,602,4109,608,1311,535,5125,735,181,15192,8275,2219,1582,10503,802,2178,651,3352,8314,724,3504,375,2448,3469,1957,293
1/1/53,205,3053,1780,894,12251,1431,2168,810,351,3310,3558,510,2629,596,9065,4182,1994,2903,2866,4806,2567,913,6822,3050,4020,2105,616,4120,609,1318,547,5229,756,195,15527,8591,2182,1601,10662,815,2181,648,3319,8336,739,3557,379,2466,3506,1929,290
1/1/54,215,3014,1734,933,12746,1493,2249,791,368,3505,3602,505,2626,600,9252,4264,2042,2902,2883,4910,2685,927,7066,3113,4066,2064,624,4131,611,1340,554,5360,763,213,15814,8873,2209,1626,10817,816,2176,655,3359,8382,750,3555,377,2516,3608,1905,293
1/1/55,222,3050,1725,987,13133,1546,2300,785,389,3747,3636,539,2679,618,9435,4363,2093,2910,2946,4882,2742,934,7285,3172,4134,2060,636,4242,615,1374,557,5502,785,237,15966,9017,2250,1659,10939,823,2200,663,3415,8660,783,3588,375,2604,3679,1880,307
1/1/56,224,3071,1704,1053,13713,1625,2316,759,408,4047,3701,559,2703,628,9530,4458,2119,2898,3032,4891,2811,938,7467,3240,4163,2086,656,4309,613,1397,566,5615,806,250,16112,9207,2273,1698,10972,840,2229,670,3415,8830,809,3722,377,2668,3742,1857,312
1/1/57,231,3109,1733,1125,14264,1664,2359,763,426,4372,3766,584,2716,642,9668,4529,2128,2928,3115,4929,2873,943,7569,3274,4189,2088,667,4368,612,1394,572,5737,847,260,16374,9410,2282,1712,10954,851,2274,666,3434,9070,826,3844,376,2724,3791,1843,314
1/1/58,224,3163,1726,1193,14880,1667,2446,757,433,4630,3804,605,2708,646,9886,4583,2142,2961,3155,5010,2982,944,7667,3313,4186,2086,666,4376,606,1383,581,5890,886,269,16601,9599,2267,1718,11058,858,2304,656,3471,9252,845,3914,380,2773,3843,1845,315
1/1/59,224,3204,1756,1261,15467,1710,2523,761,441,4808,3868,622,2729,657,9986,4613,2160,2999,3208,5117,3066,957,7767,3366,4258,2138,669,4458,618,1397,596,6015,919,279,16685,9671,2289,1746,11234,857,2348,667,3522,9405,870,3951,387,2821,3891,1855,320
1/1/60,229,3274,1789,1321,15870,1769,2544,765,449,5004,3956,642,2756,671,10086,4674,2183,3041,3260,5160,3113,975,7834,3425,4326,2182,679,4573,634,1417,609,6103,954,291,16838,9734,2336,1772,11329,855,2392,683,3575,9624,900,3986,389,2855,3962,1853,331
1/1/61,238,3316,1806,1407,16497,1844,2586,778,461,5243,4015,659,2756,684,10130,4730,2215,3054,3287,5219,3176,995,7893,3470,4349,2206,696,4663,641,1446,618,6265,965,315,17061,9854,2380,1787,11392,858,2409,693,3622,9820,936,4095,390,2882,4009,1828,337
1/1/62,246,3323,1853,1471,17072,1899,2647,788,469,5458,4086,684,2750,692,10280,4736,2231,3079,3345,5263,3263,994,7933,3513,4357,2243,698,4707,637,1464,632,6376,979,352,17301,9929,2427,1818,11355,871,2423,705,3673,10053,958,4180,393,2942,4049,1809,333
1/1/63,256,3358,1875,1521,17668,1936,2727,798,483,5628,4172,682,2747,683,10402,4799,2217,3096,3377,5344,3386,993,8058,3531,4392,2244,703,4742,644,1476,649,6531,989,397,17461,9986,2439,1853,11424,876,2460,708,3718,10159,974,4276,397,2955,4112,1796,336
1/1/64,263,3395,1897,1556,18151,1970,2798,798,497,5781,4258,700,2746,680,10580,4856,2209,3129,3446,5448,3492,993,8187,3558,4442,2241,706,4802,649,1482,663,6660,1006,426,17589,10080,2446,1888,11519,885,2475,701,3771,10270,978,4357,399,2961,4165,1797,339
1/1/65,271,3443,1894,1584,18585,1985,2857,797,507,5954,4332,704,2742,686,10693,4922,2206,3140,3496,5502,3600,997,8357,3592,4467,2246,706,4863,649,1471,676,6767,1012,444,17734,10201,2440,1937,11620,893,2494,692,3798,10378,994,4411,404,2967,4232,1786,332
1/1/66,271,3464,1899,1614,18858,2007,2903,791,516,6104,4379,710,2762,689,10836,4999,2200,3147,3550,5535,3695,999,8512,3617,4523,2245,707,4896,647,1456,681,6851,1007,446,17843,10330,2454,1969,11664,899,2520,683,3822,10492,1009,4456,413,3057,4274,1775,323
1/1/67,278,3458,1901,1646,19176,2053,2935,791,525,6242,4408,723,2793,688,10947,5053,2197,3172,3581,5594,3757,1004,8630,3659,4539,2228,701,4952,626,1457,697,6928,1000,449,17935,10414,2489,1979,11681,909,2533,671,3859,10599,1019,4508,423,3174,4303,1769,322
1/1/68,285,3446,1902,1682,19394,2120,2964,778,534,6433,4482,734,2803,695,10995,5093,2216,3195,3603,5618,3815,994,8696,3703,4568,2219,700,5004,621,1467,709,7005,994,464,18051,10516,2503,2004,11741,922,2559,669,3878,10819,1029,4558,430,3270,4345,1763,324
1/1/69,296,3440,1913,1737,19711,2166,3000,762,540,6641,4551,750,2805,707,11039,5143,2236,3198,3619,5650,3868,992,8781,3758,4640,2220,694,5031,621,1474,724,7095,1011,480,18105,10563,2535,2062,11741,932,2570,668,3897,11045,1047,4614,437,3343,4378,1746,329
1/1/70,302.583,3444.354,1923.322,1775.399,19971.069,2209.596,3032.217,756.668,548.104,6791.418,4587.93,769.913,2825.368,713.015,11110.285,5195.392,2249.071,3220.711,3644.637,5689.17,3923.897,993.722,8881.826,3806.103,4677.623,2216.994,694.409,5084.411,617.792,1485.333,737.681,7171.112,1017.055,488.738,18241.391,10657.423,2559.463,2091.533,11800.766,949.723,2590.713,666.257,3926.018,11198.655,1059.273,4651.448,444.732,3413.244,4417.821,1744.237,332.416
1/1/71,315.51,3497.076,1972.312,1895.814,20345.939,2303.524,3060.938,749.781,564.708,7158.304,4711.55,801.644,2851.705,738.753,11202.397,5253.396,2246.6,3298.053,3710.487,5737.58,4018.324,1015.39,8974.186,3853.486,4725.764,2265.432,710.814,5203.531,626.76,1504.604,761.851,7281.107,1053.737,520.018,18357.982,10734.818,2618.601,2151.022,11886.4,963.107,2662.269,671.297,4013.608,11509.848,1101.192,4750.838,454.318,3447.553,4462.155,1770.657,340.285
1/1/72,324.464,3539.4,2018.638,2008.291,20585.469,2404.619,3068.699,742.241,572.913,7511.463,4809.49,828.331,2860.287,763.237,11251.948,5302.435,2256.375,3335.728,3761.646,5760.302,4073.499,1034.292,9028.944,3869.747,4758.78,2307.117,718.732,5301.15,631.119,1519.013,781.107,7335.042,1078.697,546.789,18339.4,10746.993,2658.646,2197.297,11908.233,974.79,2719.197,677.234,4094.611,11759.148,1135.449,4824.472,463.143,3447.885,4502.412,1797.648,347.345
1/1/73,330.543,3579.78,2059.256,2124.438,20868.728,2495.868,3067.814,731.488,577.759,7913.696,4910.374,851.595,2863.715,782.074,11251.367,5338.277,2265.603,3371.024,3788.375,5781.172,4097.974,1045.655,9077.956,3889.332,4782.645,2349.546,726.798,5389.852,632.675,1529.567,800.951,7333.083,1105.529,568.991,18177.063,10767.314,2695.931,2241.932,11890.527,975.738,2776.605,678.715,4147.401,12019.543,1170.04,4901.292,468.43,3478.782,4524.244,1806.36,354.061
1/1/74,341.063,3626.499,2101.403,2223.196,21173.865,2541.406,3074.047,717.947,581.418,8298.762,4999.419,867.978,2867.53,807.99,11262.145,5361.89,2269.499,3416.315,3820.109,5773.548,4118.815,1059.04,9117.507,3903.925,4795.93,2378.268,736.419,5470.911,634.559,1539.191,815.914,7332.411,1131.309,596.822,18049.775,10765.759,2734.768,2285.013,11870.884,950.615,2844.749,679.585,4213.509,12268.629,1200.471,4971.069,473.002,3549.946,4545.782,1815.447,365.501
1/1/75,376.17,3678.814,2159.526,2284.847,21537.849,2586.192,3082.5,706.871,586.589,8518.422,5064.075,886.16,2880.847,831.982,11291.743,5365.766,2280.578,3467.769,3886.104,5757.756,4139.096,1071.995,9117.668,3932.515,4808.308,2399.449,748.208,5547.188,638.886,1543.117,828.555,7337.765,1159.944,619.972,18003.485,10770.425,2774.683,2329.661,11906.095,942.788,2902.028,681.042,4275.566,12568.843,1236.03,5047.395,479.713,3621.339,4578.986,1842.25,381.695
1/1/76,400.969,3735.139,2170.161,2346.157,21935.909,2632.306,3083.335,692.295,590.166,8667.379,5132.812,904.191,2903.082,856.983,11342.853,5389.088,2301.001,3529.257,3950.605,5743.672,4150.539,1088.412,9129.205,3964.68,4839.029,2429.756,757.317,5607.964,645.797,1550.911,845.248,7339.745,1189.295,646.975,17940.541,10752.662,2826.815,2378.262,11897.378,946.089,2943.657,686.39,4346.928,12904.089,1274.928,5121.863,484.928,3693.61,4595.904,1879.503,396.952
1/1/77,403.436,3780.403,2209.01,2425.197,22352.396,2696.14,3085.722,677.228,591.829,8856.183,5219.697,918.259,2913.573,883.469,11386.316,5425.638,2320.647,3573.693,4014.459,5738.199,4169.595,1103.578,9171.11,3989.364,4863.173,2459.201,769.953,5685.607,649.769,1556.842,869.763,7337.169,1215.72,678.333,17812.602,10771.394,2870.014,2446.673,11893.591,950.23,2991.681,688.48,4422.921,13193.05,1319.512,5193.112,491.931,3776.05,4626.514,1908.088,413.354
1/1/78,404.766,3831.836,2243.127,2515.316,22835.958,2766.748,3091.627,665.052,594.776,9102.032,5295.751,931.584,2918.069,910.69,11412.561,5470.214,2335.657,3609.976,4068.579,5736.469,4183.603,1113.566,9217.761,4015.341,4889.399,2487.816,782.317,5759.492,651.301,1563.884,891.52,7350.804,1238.034,719.436,17680.589,10795.581,2917.336,2518.298,11879.396,951.816,3044.364,688.58,4486.314,13500.429,1367.51,5270.24,498.109,3889.073,4646.108,1923.395,432.88
1/1/79,402.753,3866.248,2271.333,2635.571,23256.88,2849.234,3095.917,650.016,594.984,9426.159,5401.384,953.306,2915.739,932.627,11396.837,5501.174,2350.906,3641.804,4137.665,5738.404,4191.16,1122.563,9266.268,4050.316,4912.43,2507.069,787.305,5823.491,652.896,1567.344,909.074,7366.512,1284.722,765.367,17583.838,10798.298,2975.31,2588.012,11887.975,950.382,3090.267,688.335,4560.473,13888.371,1420.238,5307.945,505.372,4017.632,4682.811,1942.146,454.378
1/1/80,405.315,3900.368,2288.738,2737.774,23800.8,2908.803,3113.174,638.284,594.919,9839.835,5486.174,967.71,2914.018,947.983,11434.702,5490.721,2369.039,3664.221,4223.101,5746.075,4227.643,1126.86,9255.553,4085.017,4921.966,2525.342,788.752,5898.98,654.38,1572.296,924.25,7376.33,1309.4,810.215,17566.754,10800.65,3040.758,2641.218,11868.305,948.773,3134.502,690.851,4600.252,14338.208,1472.595,5368.334,512.524,4154.678,4712.045,1951.349,474.185
1/1/81,418.491,3918.531,2293.201,2810.107,24285.933,2977.898,3128.836,636.893,595.975,10192.774,5568.345,978.195,2907.983,962.204,11443.458,5480.435,2384.849,3670.394,4283.303,5768.685,4261.905,1133.033,9209.287,4111.728,4932.064,2539.036,795.328,5956.653,659.505,1578.515,936.621,7407.472,1332.748,847.655,17567.734,10788.33,3096.164,2667.982,11858.567,953.013,3179.255,689.584,4627.658,14746.318,1515.471,5444.097,515.594,4235.731,4726.343,1954.124,491.712
1/1/82,449.606,3925.266,2294.257,2889.861,24820.009,3061.564,3139.013,634.174,599.148,10471.407,5649.792,993.78,2888.189,973.721,11423.412,5467.922,2401.202,3683.445,4352.608,5771.222,4282.923,1136.684,9115.198,4131.45,4929.451,2556.777,803.986,6019.101,668.972,1581.78,947.719,7430.968,1363.823,881.537,17589.738,10757.087,3206.123,2664.922,11845.146,954.17,3207.614,690.597,4646.041,15331.415,1558.314,5492.783,519.109,4276.552,4728.87,1949.604,506.4
1/1/83,488.417,3934.102,2305.761,2968.925,25360.026,3133.63,3162.354,632.433,605.458,10749.851,5728.25,1012.717,2870.543,981.869,11408.818,5450.395,2415.531,3694.484,4395.316,5799.407,4313.327,1144.772,9047.754,4141.456,4943.733,2567.717,814.031,6077.056,676.688,1584.293,958.134,7467.785,1394.361,901.977,17686.905,10737.632,3290.402,2653.066,11837.723,956.382,3234.066,693.008,4659.749,15751.676,1594.943,5564.657,523.302,4300.266,4721.438,1945.061,510.345
1/1/84,513.702,3951.82,2319.768,3067.135,25844.393,3169.992,3180.014,633.382,611.565,11039.925,5834.954,1027.922,2858.618,990.839,11412.132,5458.322,2424.086,3695.453,4400.477,5840.773,4365.243,1155.635,9049.452,4157.706,4975.278,2578.051,820.905,6164.006,680.497,1588.639,976.864,7515.473,1416.717,924.922,17745.684,10737.746,3285.533,2666.588,11815.172,961.894,3271.868,697.249,4686.737,16007.086,1622.342,5643.87,526.66,4343.656,4735.563,1927.697,504.896
1/1/85,532.495,3972.523,2327.046,3183.538,26441.109,3208.723,3201.131,634.549,618.28,11351.118,5962.661,1039.698,2829.684,994.051,11399.806,5459.211,2427.405,3694.826,4408.118,5880.733,4413.071,1162.936,9076.293,4184.302,5000.268,2588.102,822.32,6253.954,676.98,1584.664,996.753,7565.528,1438.361,951.03,17791.672,10734.926,3271.332,2672.652,11770.862,968.955,3303.209,698.402,4715.296,16272.734,1642.91,5715.153,530.035,4400.098,4747.767,1906.831,499.695
1/1/86,544.268,3991.569,2331.984,3308.262,27102.237,3237.45,3223.74,638.269,627.559,11667.505,6084.666,1051.762,2791.97,990.224,11387.257,5454.108,2432.619,3687.809,4406.919,5902.678,4486.957,1170.126,9127.775,4205.212,5023.068,2593.597,813.739,6321.578,669.512,1574.333,1025.053,7622.159,1462.729,980.613,17833.419,10730.268,3252.735,2683.528,11782.752,977.341,3342.758,696.034,4738.708,16561.113,1662.834,5811.7,534.066,4452.72,4755.618,1882.35,495.633
1/1/87,539.309,4015.264,2342.355,3437.103,27777.158,3260.48,3247.291,636.93,636.947,11997.283,6208.467,1067.918,2767.011,984.997,11391.178,5473.012,2445.367,3683.329,4344.148,5935.204,4565.557,1184.574,9187.481,4235.136,5056.696,2588.545,805.063,6403.7,661.136,1566.547,1054.289,7670.742,1478.52,1023.376,17868.848,10760.09,3210.122,2700.991,11810.866,989.604,3380.506,696.036,4782.927,16621.791,1678.119,5932.268,540.267,4531.901,4777.919,1857.585,476.965
1/1/88,541.983,4023.844,2342.656,3535.183,28464.249,3262.281,3271.953,630.432,647.622,12306.395,6316.142,1079.828,2768.388,985.664,11390.183,5491.735,2461.996,3679.999,4288.863,5979.982,4657.904,1203.84,9217.998,4296.166,5081.736,2580.352,800.202,6480.594,655.331,1571.477,1082.577,7712.333,1490.337,1075.022,17941.309,10798.552,3167.057,2741.297,11845.752,996.408,3412.096,698.165,4822.437,16667.022,1689.372,6036.909,549.763,4639.893,4822.388,1830.215,465.101
1/1/89,547.159,4030.222,2346.358,3622.185,29218.164,3275.818,3283.403,624.168,658.273,12637.715,6411.099,1094.588,2770.592,994.416,11409.782,5523.693,2472.849,3677.306,4252.894,6015.478,4727.301,1219.961,9253.295,4338.057,5095.83,2574.269,799.636,6565.459,646.351,1574.864,1104.522,7726.089,1503.901,1137.382,17983.086,10829.217,3150.307,2790.575,11865.996,1000.666,3456.775,696.701,4854.444,16806.735,1705.864,6120.246,557.707,4746.316,4856.574,1806.568,458.374
1/1/90,553.12,4048.508,2354.343,3679.056,29950.111,3303.862,3289.056,603.814,669.063,13018.365,6506.531,1112.703,2779.769,1011.882,11446.979,5555.097,2480.683,3692.584,4219.179,6018.664,4797.431,1231.296,9310.462,4387.283,5126.37,2577.426,799.824,6656.987,637.364,1580.664,1111.831,7757.158,1519.933,1218.629,18002.855,10861.837,3147.105,2858.547,11895.604,1004.649,3499.064,696.667,4890.626,17044.714,1729.722,6213.526,564.526,4900.78,4902.265,1792.481,453.401
1/1/91,569.273,4091.025,2370.666,3762.394,30414.114,3367.567,3288.64,593.239,680.495,13289.497,6621.279,1131.412,2791.227,1038.915,11535.973,5602.062,2495.209,3714.686,4240.95,5998.652,4856.176,1235.439,9395.022,4427.429,5157.77,2591.23,807.837,6748.135,634.199,1590.805,1107.055,7784.269,1547.115,1285.046,18029.532,10933.683,3166.471,2918.745,11943.16,1003.99,3559.47,701.445,4946.886,17339.904,1771.941,6283.853,567.141,5013.443,4952.675,1798.212,457.739
1/1/92,587.073,4139.269,2394.098,3867.333,30875.92,3459.995,3274.997,584.183,690.158,13504.775,6759.474,1149.926,2806.923,1066.49,11635.197,5648.649,2526.042,3756.358,4270.849,5993.474,4902.545,1235.748,9470.323,4471.503,5193.686,2610.193,822.436,6831.85,635.427,1602.406,1112.766,7827.77,1580.75,1330.694,18082.032,11007.609,3204.174,2973.934,11980.819,1000.571,3600.576,708.698,5013.999,17650.479,1821.498,6383.315,570.115,5139.011,5004.636,1805.462,463.491
1/1/93,596.993,4193.114,2423.743,3993.39,31147.208,3560.884,3272.325,576.358,699.475,13713.593,6894.092,1161.508,2820.525,1101.204,11725.984,5701.965,2547.605,3792.288,4284.749,6010.884,4942.504,1238.256,9529.24,4521.709,5237.757,2635.574,839.876,6947.412,637.229,1612.149,1122.191,7874.891,1614.937,1380.197,18140.894,11070.385,3228.829,3034.49,12022.128,997.852,3634.507,716.258,5085.666,17996.764,1875.993,6464.795,574.004,5247.704,5055.318,1816.179,469.033
1/1/94,600.624,4232.965,2450.605,4147.561,31317.179,3653.91,3268.346,564.982,708.416,13961.798,7045.9,1173.903,2829.422,1135.459,11804.986,5745.626,2569.118,3823.215,4306.5,6031.352,4985.411,1237.687,9584.481,4566.028,5281.206,2663.45,854.923,7060.959,639.762,1621.551,1133.054,7918.796,1653.329,1456.388,18156.652,11111.451,3246.119,3087.142,12042.545,993.412,3666.456,723.038,5163.016,18338.319,1930.436,6536.771,578.9,5334.896,5095.504,1818.49,474.982
1/1/95,601.345,4262.731,2480.121,4306.908,31493.525,3738.061,3265.293,551.273,718.265,14185.403,7188.538,1180.49,2840.86,1165,11884.935,5791.819,2586.942,3855.248,4327.978,6062.335,5023.65,1237.438,9659.871,4605.445,5324.61,2690.788,868.522,7185.403,641.548,1635.142,1145.604,7965.523,1682.417,1525.777,18150.928,11155.493,3265.547,3141.421,12044.78,989.203,3699.943,728.251,5241.168,18679.706,1976.774,6601.392,582.827,5431.024,5137.004,1820.56,478.447
1/1/96,604.918,4290.403,2504.858,4432.308,31780.829,3812.716,3267.03,538.273,727.09,14426.911,7332.225,1184.434,2848.473,1187.706,11953.003,5834.908,2598.266,3881.051,4338.763,6085.393,5057.142,1241.436,9739.184,4647.723,5367.888,2709.925,876.656,7307.658,642.858,1647.657,1160.768,8009.624,1706.151,1596.476,18143.805,11187.032,3289.634,3195.087,12038.008,987.858,3738.974,730.699,5313.576,19006.24,2022.253,6665.491,586.352,5509.963,5173.828,1818.983,480.085
1/1/97,608.846,4320.281,2524.007,4552.207,32217.708,3891.293,3268.514,528.752,735.024,14683.35,7486.094,1189.322,2854.396,1210.638,12011.509,5872.37,2616.339,3907.816,4351.39,6115.476,5092.914,1245.215,9785.45,4687.726,5407.113,2731.826,878.706,7428.672,640.945,1656.042,1173.239,8054.178,1722.939,1675.581,18143.184,11212.498,3314.259,3243.254,12015.888,986.966,3790.066,730.855,5378.433,19355.427,2065.397,6732.878,588.665,5604.105,5200.235,1815.588,480.031
1/1/98,615.205,4351.037,2538.202,4667.277,32682.794,3968.967,3272.563,521.426,744.066,14908.23,7636.522,1190.472,2861.025,1230.923,12069.774,5907.617,2638.667,3934.31,4362.758,6144.407,5130.072,1247.554,9820.231,4726.411,5437.562,2751.335,879.533,7545.828,637.808,1660.772,1185.823,8095.542,1733.535,1743.772,18159.175,11237.752,3339.478,3282.055,12002.329,987.704,3839.578,730.789,5432.679,19712.389,2100.562,6789.225,590.579,5687.832,5222.124,1811.688,480.045
1/1/99,619.5,4369.862,2551.373,4778.332,33145.121,4056.133,3282.031,519,753.538,15111.244,7788.24,1185.497,2869.413,1251.7,12128.37,5942.901,2654.052,3960.825,4372.035,6175.169,5171.634,1253.04,9863.775,4775.508,5468.338,2768.619,882.779,7650.789,633.666,1666.028,1201.134,8143.412,1739.844,1809.253,18196.601,11256.654,3358.044,3316.154,11994.016,990.819,3885.736,733.133,5483.535,20044.141,2129.836,6872.912,593.74,5756.361,5250.446,1806.928,479.602
1/1/00,627.963,4452.173,2678.588,5160.586,33987.977,4326.921,3411.777,572.046,786.373,16047.515,8227.303,1213.519,2929.067,1299.43,12434.161,6091.866,2693.681,4049.021,4471.885,6361.104,5311.034,1277.072,9952.45,4933.692,5607.285,2848.353,903.773,8081.614,642.023,1713.82,1239.882,8430.621,1821.204,2018.741,19001.78,11363.543,3454.365,3429.708,12284.173,1050.268,4024.223,755.844,5703.719,20944.499,2244.502,7105.817,609.618,5910.512,5373.999,1807.021,494.3
1/1/01,633.714,4467.634,2691.571,5273.477,34479.458,4425.687,3432.835,574.504,795.699,16356.966,8377.038,1225.948,2931.997,1319.962,12488.445,6127.76,2702.162,4068.132,4477.875,6397.634,5374.691,1285.692,9991.12,4982.796,5641.142,2852.994,906.961,8210.122,639.062,1719.836,1255.517,8492.671,1831.69,2098.399,19082.838,11387.404,3467.1,3467.937,12298.97,1057.142,4064.995,757.972,5750.789,21319.622,2283.715,7198.362,612.223,5985.722,5406.835,1801.481,494.657
1/1/02,642.337,4480.089,2705.927,5396.255,34871.843,4490.406,3458.749,573.158,806.169,16689.37,8508.256,1239.613,2934.234,1340.372,12525.556,6155.967,2713.535,4089.875,4497.267,6417.206,5440.389,1295.96,10015.71,5018.935,5674.825,2858.681,911.667,8326.201,638.168,1728.292,1269.089,8552.643,1855.309,2173.791,19137.8,11407.889,3489.08,3513.424,12331.031,1065.995,4107.795,760.02,5795.918,21690.325,2324.815,7286.873,615.442,6052.349,5445.162,1805.414,500.017
1/1/03,648.414,4503.491,2724.816,5510.364,35253.159,4528.732,3484.336,568.502,818.003,17004.085,8622.793,1251.154,2941.999,1363.38,12556.006,6196.638,2723.004,4117.17,4521.042,6422.565,5496.269,1306.513,10041.152,5053.572,5709.403,2868.312,919.63,8422.501,638.817,1738.643,1279.84,8601.402,1877.574,2248.85,19175.939,11434.788,3504.892,3547.376,12374.658,1071.342,4150.297,763.729,5847.812,22030.931,2360.137,7366.977,617.858,6104.115,5479.203,1812.295,503.453
1/1/04,659.286,4530.729,2749.686,5652.404,35574.576,4575.013,3496.094,567.754,830.803,17415.318,8769.252,1273.569,2953.635,1391.802,12589.773,6233.007,2734.373,4146.101,4552.238,6412.281,5546.935,1313.688,10055.315,5087.713,5747.741,2889.01,930.009,8553.152,644.705,1749.37,1290.121,8634.561,1903.808,2346.222,19171.567,11452.251,3525.233,3569.463,12410.722,1074.579,4210.921,770.396,5910.809,22394.023,2401.58,7475.575,619.92,6178.645,5514.026,1816.438,509.106
1/1/05,666.946,4569.805,2781.097,5839.077,35827.943,4631.888,3506.956,567.136,845.15,17842.038,8925.922,1292.729,2964.454,1428.241,12609.903,6278.616,2745.299,4182.742,4576.628,6403.29,5592.379,1318.787,10051.137,5119.598,5790.3,2905.943,940.102,8705.407,646.089,1761.497,1298.492,8651.974,1932.274,2432.143,19132.61,11463.32,3548.597,3613.202,12449.99,1067.916,4270.15,775.493,5991.057,22778.123,2457.719,7577.105,621.215,6257.305,5546.166,1820.492,514.157
1/1/06,675.302,4628.981,2821.761,6029.141,36021.202,4720.423,3517.46,570.681,859.268,18166.99,9155.813,1309.731,2982.644,1468.669,12643.955,6332.669,2762.931,4219.239,4302.665,6410.084,5627.367,1323.619,10036.081,5163.555,5842.704,2904.978,952.692,8917.27,649.422,1772.693,1308.389,8661.679,1962.137,2522.658,19104.631,11481.213,3594.09,3670.883,12510.809,1063.096,4357.847,783.033,6088.766,23359.58,2525.507,7673.725,622.892,6370.753,5577.655,1827.912,522.667
1/1/07,680.3,4672.84,2848.65,6167.681,36250.311,4803.868,3527.27,574.404,871.749,18367.842,9349.988,1315.675,2999.212,1505.105,12695.866,6379.599,2783.785,4256.672,4375.581,6431.559,5653.408,1327.04,10001.284,5207.203,5887.612,2928.35,964.706,9118.037,652.822,1783.44,1312.54,8677.885,1990.07,2601.072,19132.335,11500.468,3634.349,3722.417,12563.937,1057.315,4444.11,791.623,6175.727,23831.983,2597.746,7751,623.481,6461.587,5610.775,1834.052,534.876
1/1/08,687.455,4718.206,2874.554,6280.362,36604.337,4889.73,3545.579,580.236,883.874,18527.305,9504.843,1332.213,3016.734,1534.32,12747.038,6424.806,2808.076,4289.878,4435.586,6468.967,5684.965,1330.509,9946.889,5247.018,5923.916,2947.806,976.415,9309.449,657.569,1796.378,1315.906,8711.09,2010.662,2653.63,19212.436,11515.391,3668.976,3768.748,12612.285,1055.003,4528.996,799.124,6247.411,24309.039,2663.029,7833.496,624.151,6562.231,5640.996,1840.31,546.043
1/1/09,698.895,4757.938,2896.843,6343.154,36961.229,4972.195,3561.807,592.228,891.73,18652.644,9620.846,1346.717,3032.87,1554.439,12796.778,6459.325,2832.704,4317.074,4491.648,6517.613,5730.388,1329.59,9901.591,5281.203,5961.088,2958.774,983.982,9449.566,664.968,1812.683,1316.102,8755.602,2036.802,2684.665,19307.066,11528.896,3717.572,3808.6,12666.858,1053.646,4589.872,807.067,6306.019,24801.761,2723.421,7925.937,624.817,6667.426,5669.264,1847.775,559.851
1/1/10,713.982,4785.514,2921.998,6407.342,37319.55,5047.539,3579.173,605.282,899.647,18846.143,9712.209,1364.004,3050.819,1570.819,12840.545,6490.555,2858.266,4348.464,4544.635,6566.44,5788.784,1327.651,9877.597,5310.934,5996.089,2970.615,990.73,9574.586,674.752,1829.591,1316.807,8799.451,2064.614,2702.483,19399.956,11539.449,3760.014,3837.614,12711.406,1053.994,4635.846,816.193,6355.518,25241.897,2775.413,8024.004,625.886,6743.009,5690.538,1854.265,564.531
1/1/11,722.349,4799.642,2941.038,6473.416,37636.311,5121.9,3588.632,620.29,907.59,19055.607,9803.63,1379.562,3066.772,1584.272,12867.783,6517.25,2869.677,4370.817,4576.244,6614.218,5840.241,1328.473,9883.053,5346.62,6011.182,2979.147,997.518,9658.913,685.526,1840.914,1320.444,8828.552,2080.707,2713.114,19499.921,11545.735,3788.824,3872.672,12747.052,1053.829,4672.655,823.74,6400.298,25645.504,2814.797,8102.437,627.197,6827.479,5705.84,1856.606,567.491
1/1/12,730.81,4816.632,2952.876,6556.344,37944.551,5193.66,3595.211,635.737,915.518,19302.016,9903.58,1395.199,3076.844,1595.91,12883.029,6538.989,2886.024,4387.865,4602.067,6664.269,5888.375,1328.094,9898.289,5377.5,6026.027,2984.599,1004.168,9751.81,702.227,1853.691,1324.677,8845.671,2087.715,2744.67,19574.362,11550.971,3819.32,3900.102,12769.123,1054.893,4719.027,833.859,6455.752,26084.12,2854.146,8187.456,626.361,6898.599,5720.825,1857.446,576.656
1/1/13,737.626,4831.586,2960.459,6634.69,38253.768,5270.774,3595.792,651.559,924.062,19551.678,9975.592,1408.822,3093.935,1612.053,12895.778,6570.575,2894.306,4406.906,4626.04,6715.158,5925.197,1328.543,9914.802,5414.722,6042.989,2989.839,1014.158,9846.717,723.149,1865.813,1327.272,8857.821,2092.833,2776.956,19626.488,11579.692,3853.891,3924.11,12779.538,1055.56,4766.469,842.751,6496.943,26479.646,2898.773,8255.861,626.603,6966.252,5738.012,1854.768,582.62
1/1/14,737.075,4843.737,2968.759,6732.873,38586.706,5352.637,3595.697,663.603,933.131,19853.88,10071.204,1415.335,3110.643,1632.248,12885.092,6596.019,2901.861,4416.992,4645.938,6764.864,5960.064,1331.217,9932.033,5452.665,6059.13,2991.892,1022.657,9937.295,738.736,1879.955,1334.257,8867.277,2090.236,2818.935,19653.431,11606.573,3879.187,3965.447,12792.392,1056.511,4826.858,849.67,6544.617,26963.092,2938.327,8315.43,625.693,7057.531,5753.199,1850.569,583.159
1/1/15,738.43,4854.803,2979.732,6832.81,38904.296,5454.328,3588.561,677.014,942.065,20219.111,10183.353,1422.999,3122.541,1652.495,12859.585,6611.442,2910.717,4429.126,4666.998,6797.484,5988.528,1329.098,9934.483,5484.002,6075.411,2990.231,1031.495,10037.218,755.537,1892.059,1337.48,8870.312,2090.071,2868.531,19657.321,11622.315,3910.518,4018.542,12789.838,1056.886,4896.006,854.663,6595.354,27468.531,2983.626,8367.303,625.81,7167.287,5762.927,1843.332,586.389
1/1/16,742.575,4866.824,2991.815,6944.767,39149.186,5543.844,3579.83,687.576,949.989,20627.237,10308.442,1428.885,3133.21,1684.036,12821.709,6637.898,2912.977,4440.306,4681.346,6827.28,6007.014,1332.348,9954.117,5525.36,6091.384,2990.595,1042.137,10161.802,756.114,1906.483,1343.694,8873.584,2092.555,2919.555,19636.391,11640.06,3928.143,4093.271,12788.468,1057.816,4963.031,863.693,6651.277,27914.064,3044.241,8417.651,624.366,7299.961,5775.17,1832.435,585.243
1/1/17,740.983,4877.989,3003.855,7048.088,39337.785,5617.421,3575.324,697.079,957.942,20977.089,10417.031,1425.763,3143.734,1719.745,12779.893,6662.068,2910.892,4455.59,4673.673,6863.56,6028.186,1335.743,9976.752,5569.283,6111.382,2990.674,1053.862,10275.758,756.755,1916.998,1350.395,8888.147,2092.844,2972.097,19593.849,11665.706,3933.602,4147.294,12794.679,1056.554,5027.102,873.732,6714.748,28291.024,3103.54,8471.011,625.132,7427.951,5793.147,1818.683,579.994
1/1/18,736.624,4891.628,3012.161,7164.228,39437.463,5697.155,3574.561,704.147,966.985,21254.926,10519.389,1423.102,3149.9,1752.074,12724.685,6698.481,2912.748,4464.273,4664.45,6885.72,6042.153,1340.123,9987.286,5608.762,6125.986,2982.879,1061.818,10391.358,760.062,1925.512,1355.064,8891.73,2093.754,3030.725,19544.098,11680.892,3943.488,4183.538,12809.107,1059.338,5091.702,879.386,6778.18,28624.564,3155.153,8510.92,624.802,7526.793,5809.319,1805.953,579.054
1/1/19,733.603,4907.965,3020.985,7291.843,39437.61,5758.486,3566.022,708.253,976.668,21492.056,10628.02,1415.615,3159.596,1789.06,12667.017,6731.01,2912.635,4472.345,4658.285,6894.883,6054.954,1345.77,9984.795,5640.053,6140.475,2978.227,1070.123,10501.384,763.724,1932.571,1360.783,8891.258,2099.634,3090.771,19463.131,11696.507,3960.676,4216.116,12798.883,1058.158,5157.702,887.127,6830.325,28986.794,3203.383,8556.642,624.046,7614.024,5824.581,1795.263,580.116
1/1/20,732.964,5031.864,3014.348,7186.683,39503.2,5785.219,3577.586,670.839,991.862,21591.299,10732.39,1451.181,3190.904,1849.339,12790.357,6789.098,2938.124,4508.155,4652.022,6997.713,6173.689,1364.517,10070.627,5710.578,6154.426,2958.409,1087.211,10453.812,779.563,1963.273,1378.702,9272.392,2118.488,3115.84,20104.71,11798.292,3965.234,4245.044,12995.477,1096.444,5132.151,887.852,6926.091,29234.361,3283.982,8637.193,642.936,7724.566,5896.7,1791.562,577.664
1/1/21,734.923,5050.38,3028.443,7272.487,39145.06,5811.596,3603.691,669.037,1004.881,21830.708,10790.385,1446.745,3197.944,1904.537,12690.341,6813.798,2937.946,4507.6,4627.047,6991.951,6175.045,1378.787,10038.117,5717.968,6170.393,2949.582,1106.366,10567.1,777.982,1964.253,1387.494,9269.175,2116.95,3146.632,19854.526,11765.227,3991.634,4256.465,13013.614,1097.092,5193.848,896.299,6963.709,29561.286,3339.284,8657.348,647.093,7741.433,5879.978,1785.249,579.548
1/1/22,733.276,5073.903,3046.404,7365.684,39040.616,5841.039,3608.706,670.949,1019.459,22245.521,10913.15,1439.399,3199.693,1938.996,12582.515,6832.274,2936.716,4511.563,4588.023,6982.74,6163.981,1389.338,10033.281,5714.3,6177.168,2938.928,1122.878,10695.965,778.912,1968.06,1399.003,9260.817,2113.476,3177.421,19673.2,11759.697,4019.271,4239.379,12972.091,1093.842,5282.955,909.869,7048.976,30029.848,3381.236,8679.099,647.11,7784.477,5890.543,1774.035,581.629
1/1/23,733.406,5108.468,3067.732,7431.344,38965.193,5877.61,3617.176,678.972,1031.89,22610.726,11029.227,1435.138,3207.004,1964.726,12549.689,6862.199,2940.546,4526.154,4573.749,7001.399,6180.253,1395.722,10037.261,5737.915,6196.156,2939.69,1132.812,10835.491,783.926,1978.379,1402.054,9290.841,2114.371,3194.176,19571.216,11785.935,4053.824,4233.358,12961.683,1095.962,5373.555,919.318,7126.489,30503.301,3417.734,8715.698,647.464,7812.88,5910.955,1770.071,584.057
1/1/24,,,,,,,,,,,,,,,,,,,,,,,,,,,,,,,,,,,,,,,,,,,,,,,,,,,