stfips,year,unemployment,gdp_growth,productivity_growth
1.0,1976,6.7,5.38802,3.48215
2.0,1976,7.6,5.38802,3.48215
4.0,1976,9.8,5.38802,3.48215
5.0,1976,6.9,5.38802,3.48215
6.0,1976,9.2,5.38802,3.48215
8.0,1976,5.9,5.38802,3.48215
9.0,1976,9.2,5.38802,3.48215
10.0,1976,8.6,5.38802,3.48215
11.0,1976,8.6,5.38802,3.48215
12.0,1976,9.3,5.38802,3.48215
13.0,1976,8.2,5.38802,3.48215
15.0,1976,9.2,5.38802,3.48215
16.0,1976,5.6,5.38802,3.48215
17.0,1976,6.6,5.38802,3.48215
18.0,1976,6.0,5.38802,3.48215
19.0,1976,4.1,5.38802,3.48215
20.0,1976,4.1,5.38802,3.48215
21.0,1976,5.4,5.38802,3.48215
22.0,1976,6.6,5.38802,3.48215
23.0,1976,8.6,5.38802,3.48215
24.0,1976,6.6,5.38802,3.48215
25.0,1976,9.7,5.38802,3.48215
26.0,1976,9.4,5.38802,3.48215
27.0,1976,5.8,5.38802,3.48215
28.0,1976,6.5,5.38802,3.48215
29.0,1976,6.2,5.38802,3.48215
30.0,1976,5.9,5.38802,3.48215
31.0,1976,3.2,5.38802,3.48215
32.0,1976,8.8,5.38802,3.48215
33.0,1976,6.4,5.38802,3.48215
34.0,1976,10.4,5.38802,3.48215
35.0,1976,8.7,5.38802,3.48215
36.0,1976,10.2,5.38802,3.48215
37.0,1976,6.2,5.38802,3.48215
38.0,1976,3.8,5.38802,3.48215
39.0,1976,7.7,5.38802,3.48215
40.0,1976,5.6,5.38802,3.48215
41.0,1976,9.3,5.38802,3.48215
42.0,1976,8.0,5.38802,3.48215
44.0,1976,8.0,5.38802,3.48215
45.0,1976,7.0,5.38802,3.48215
46.0,1976,3.3,5.38802,3.48215
47.0,1976,6.1,5.38802,3.48215
48.0,1976,5.8,5.38802,3.48215
49.0,1976,5.6,5.38802,3.48215
50.0,1976,8.3,5.38802,3.48215
51.0,1976,5.9,5.38802,3.48215
53.0,1976,8.8,5.38802,3.48215
54.0,1976,7.2,5.38802,3.48215
55.0,1976,5.5,5.38802,3.48215
56.0,1976,3.9,5.38802,3.48215
1.0,1977,7.2,4.62420,1.72617
2.0,1977,9.9,4.62420,1.72617
4.0,1977,8.4,4.62420,1.72617
5.0,1977,6.5,4.62420,1.72617
6.0,1977,8.4,4.62420,1.72617
8.0,1977,6.4,4.62420,1.72617
9.0,1977,7.0,4.62420,1.72617
10.0,1977,8.2,4.62420,1.72617
11.0,1977,8.6,4.62420,1.72617
12.0,1977,8.3,4.62420,1.72617
13.0,1977,6.9,4.62420,1.72617
15.0,1977,7.6,4.62420,1.72617
16.0,1977,5.9,4.62420,1.72617
17.0,1977,6.2,4.62420,1.72617
18.0,1977,5.8,4.62420,1.72617
19.0,1977,4.0,4.62420,1.72617
20.0,1977,3.9,4.62420,1.72617
21.0,1977,4.9,4.62420,1.72617
22.0,1977,6.9,4.62420,1.72617
23.0,1977,8.4,4.62420,1.72617
24.0,1977,6.1,4.62420,1.72617
25.0,1977,7.9,4.62420,1.72617
26.0,1977,8.2,4.62420,1.72617
27.0,1977,5.3,4.62420,1.72617
28.0,1977,7.2,4.62420,1.72617
29.0,1977,6.0,4.62420,1.72617
30.0,1977,6.1,4.62420,1.72617
31.0,1977,3.4,4.62420,1.72617
32.0,1977,6.8,4.62420,1.72617
33.0,1977,5.6,4.62420,1.72617
34.0,1977,9.3,4.62420,1.72617
35.0,1977,7.7,4.62420,1.72617
36.0,1977,9.2,4.62420,1.72617
37.0,1977,5.9,4.62420,1.72617
38.0,1977,4.4,4.62420,1.72617
39.0,1977,6.5,4.62420,1.72617
40.0,1977,4.8,4.62420,1.72617
41.0,1977,7.4,4.62420,1.72617
42.0,1977,7.7,4.62420,1.72617
44.0,1977,8.0,4.62420,1.72617
45.0,1977,6.7,4.62420,1.72617
46.0,1977,3.4,4.62420,1.72617
47.0,1977,6.3,4.62420,1.72617
48.0,1977,5.4,4.62420,1.72617
49.0,1977,5.2,4.62420,1.72617
50.0,1977,7.0,4.62420,1.72617
51.0,1977,5.4,4.62420,1.72617
53.0,1977,8.4,4.62420,1.72617
54.0,1977,6.9,4.62420,1.72617
55.0,1977,5.1,4.62420,1.72617
56.0,1977,3.2,4.62420,1.72617
1.0,1978,6.4,5.53520,1.40546
2.0,1978,10.6,5.53520,1.40546
4.0,1978,6.0,5.53520,1.40546
5.0,1978,6.2,5.53520,1.40546
6.0,1978,7.1,5.53520,1.40546
8.0,1978,5.6,5.53520,1.40546
9.0,1978,5.3,5.53520,1.40546
10.0,1978,7.1,5.53520,1.40546
11.0,1978,7.8,5.53520,1.40546
12.0,1978,6.8,5.53520,1.40546
13.0,1978,5.7,5.53520,1.40546
15.0,1978,6.9,5.53520,1.40546
16.0,1978,5.5,5.53520,1.40546
17.0,1978,6.0,5.53520,1.40546
18.0,1978,5.6,5.53520,1.40546
19.0,1978,3.8,5.53520,1.40546
20.0,1978,3.0,5.53520,1.40546
21.0,1978,5.0,5.53520,1.40546
22.0,1978,6.8,5.53520,1.40546
23.0,1978,6.4,5.53520,1.40546
24.0,1978,5.6,5.53520,1.40546
25.0,1978,6.2,5.53520,1.40546
26.0,1978,7.0,5.53520,1.40546
27.0,1978,3.9,5.53520,1.40546
28.0,1978,6.8,5.53520,1.40546
29.0,1978,4.9,5.53520,1.40546
30.0,1978,5.6,5.53520,1.40546
31.0,1978,3.0,5.53520,1.40546
32.0,1978,4.4,5.53520,1.40546
33.0,1978,3.8,5.53520,1.40546
34.0,1978,7.2,5.53520,1.40546
35.0,1978,6.2,5.53520,1.40546
36.0,1978,7.7,5.53520,1.40546
37.0,1978,4.5,5.53520,1.40546
38.0,1978,4.1,5.53520,1.40546
39.0,1978,5.5,5.53520,1.40546
40.0,1978,3.3,5.53520,1.40546
41.0,1978,6.1,5.53520,1.40546
42.0,1978,7.0,5.53520,1.40546
44.0,1978,6.3,5.53520,1.40546
45.0,1978,5.6,5.53520,1.40546
46.0,1978,3.2,5.53520,1.40546
47.0,1978,5.8,5.53520,1.40546
48.0,1978,4.9,5.53520,1.40546
49.0,1978,3.9,5.53520,1.40546
50.0,1978,5.7,5.53520,1.40546
51.0,1978,5.3,5.53520,1.40546
53.0,1978,6.8,5.53520,1.40546
54.0,1978,6.3,5.53520,1.40546
55.0,1978,4.9,5.53520,1.40546
56.0,1978,2.9,5.53520,1.40546
1.0,1979,7.2,3.16599,-0.13361
2.0,1979,9.1,3.16599,-0.13361
4.0,1979,5.1,3.16599,-0.13361
5.0,1979,6.3,3.16599,-0.13361
6.0,1979,6.2,3.16599,-0.13361
8.0,1979,4.6,3.16599,-0.13361
9.0,1979,5.1,3.16599,-0.13361
10.0,1979,7.0,3.16599,-0.13361
11.0,1979,6.8,3.16599,-0.13361
12.0,1979,6.0,3.16599,-0.13361
13.0,1979,5.1,3.16599,-0.13361
15.0,1979,5.7,3.16599,-0.13361
16.0,1979,5.8,3.16599,-0.13361
17.0,1979,5.6,3.16599,-0.13361
18.0,1979,6.4,3.16599,-0.13361
19.0,1979,4.2,3.16599,-0.13361
20.0,1979,3.1,3.16599,-0.13361
21.0,1979,5.5,3.16599,-0.13361
22.0,1979,6.6,3.16599,-0.13361
23.0,1979,6.6,3.16599,-0.13361
24.0,1979,5.8,3.16599,-0.13361
25.0,1979,5.5,3.16599,-0.13361
26.0,1979,7.9,3.16599,-0.13361
27.0,1979,4.3,3.16599,-0.13361
28.0,1979,5.7,3.16599,-0.13361
29.0,1979,4.8,3.16599,-0.13361
30.0,1979,5.2,3.16599,-0.13361
31.0,1979,2.8,3.16599,-0.13361
32.0,1979,4.9,3.16599,-0.13361
33.0,1979,3.1,3.16599,-0.13361
34.0,1979,6.9,3.16599,-0.13361
35.0,1979,6.7,3.16599,-0.13361
36.0,1979,7.1,3.16599,-0.13361
37.0,1979,4.8,3.16599,-0.13361
38.0,1979,4.2,3.16599,-0.13361
39.0,1979,5.9,3.16599,-0.13361
40.0,1979,3.1,3.16599,-0.13361
41.0,1979,6.7,3.16599,-0.13361
42.0,1979,7.0,3.16599,-0.13361
44.0,1979,6.3,3.16599,-0.13361
45.0,1979,5.0,3.16599,-0.13361
46.0,1979,3.4,3.16599,-0.13361
47.0,1979,5.9,3.16599,-0.13361
48.0,1979,4.4,3.16599,-0.13361
49.0,1979,4.4,3.16599,-0.13361
50.0,1979,5.0,3.16599,-0.13361
51.0,1979,4.7,3.16599,-0.13361
53.0,1979,6.8,3.16599,-0.13361
54.0,1979,7.3,3.16599,-0.13361
55.0,1979,4.5,3.16599,-0.13361
56.0,1979,2.5,3.16599,-0.13361
1.0,1980,8.8,-0.25677,-0.05705
2.0,1980,9.5,-0.25677,-0.05705
4.0,1980,6.6,-0.25677,-0.05705
5.0,1980,7.5,-0.25677,-0.05705
6.0,1980,6.9,-0.25677,-0.05705
8.0,1980,5.9,-0.25677,-0.05705
9.0,1980,5.7,-0.25677,-0.05705
10.0,1980,7.5,-0.25677,-0.05705
11.0,1980,7.4,-0.25677,-0.05705
12.0,1980,6.0,-0.25677,-0.05705
13.0,1980,6.3,-0.25677,-0.05705
15.0,1980,5.0,-0.25677,-0.05705
16.0,1980,7.6,-0.25677,-0.05705
17.0,1980,8.2,-0.25677,-0.05705
18.0,1980,9.7,-0.25677,-0.05705
19.0,1980,5.9,-0.25677,-0.05705
20.0,1980,4.4,-0.25677,-0.05705
21.0,1980,8.0,-0.25677,-0.05705
22.0,1980,7.0,-0.25677,-0.05705
23.0,1980,7.5,-0.25677,-0.05705
24.0,1980,6.6,-0.25677,-0.05705
25.0,1980,5.8,-0.25677,-0.05705
26.0,1980,12.3,-0.25677,-0.05705
27.0,1980,5.8,-0.25677,-0.05705
28.0,1980,7.4,-0.25677,-0.05705
29.0,1980,7.2,-0.25677,-0.05705
30.0,1980,6.3,-0.25677,-0.05705
31.0,1980,3.8,-0.25677,-0.05705
32.0,1980,6.3,-0.25677,-0.05705
33.0,1980,4.5,-0.25677,-0.05705
34.0,1980,7.2,-0.25677,-0.05705
35.0,1980,7.6,-0.25677,-0.05705
36.0,1980,7.4,-0.25677,-0.05705
37.0,1980,6.4,-0.25677,-0.05705
38.0,1980,4.9,-0.25677,-0.05705
39.0,1980,8.3,-0.25677,-0.05705
40.0,1980,4.1,-0.25677,-0.05705
41.0,1980,8.4,-0.25677,-0.05705
42.0,1980,8.1,-0.25677,-0.05705
44.0,1980,7.2,-0.25677,-0.05705
45.0,1980,6.7,-0.25677,-0.05705
46.0,1980,4.7,-0.25677,-0.05705
47.0,1980,7.2,-0.25677,-0.05705
48.0,1980,5.2,-0.25677,-0.05705
49.0,1980,6.3,-0.25677,-0.05705
50.0,1980,5.9,-0.25677,-0.05705
51.0,1980,5.1,-0.25677,-0.05705
53.0,1980,7.9,-0.25677,-0.05705
54.0,1980,10.1,-0.25677,-0.05705
55.0,1980,7.4,-0.25677,-0.05705
56.0,1980,3.8,-0.25677,-0.05705
1.0,1981,10.7,2.53769,1.45581
2.0,1981,9.2,2.53769,1.45581
4.0,1981,6.2,2.53769,1.45581
5.0,1981,8.6,2.53769,1.45581
6.0,1981,7.4,2.53769,1.45581
8.0,1981,5.6,2.53769,1.45581
9.0,1981,6.2,2.53769,1.45581
10.0,1981,7.8,2.53769,1.45581
11.0,1981,8.7,2.53769,1.45581
12.0,1981,6.8,2.53769,1.45581
13.0,1981,6.4,2.53769,1.45581
15.0,1981,5.2,2.53769,1.45581
16.0,1981,7.6,2.53769,1.45581
17.0,1981,8.6,2.53769,1.45581
18.0,1981,9.7,2.53769,1.45581
19.0,1981,6.5,2.53769,1.45581
20.0,1981,4.3,2.53769,1.45581
21.0,1981,8.6,2.53769,1.45581
22.0,1981,8.4,2.53769,1.45581
23.0,1981,7.2,2.53769,1.45581
24.0,1981,7.1,2.53769,1.45581
25.0,1981,6.4,2.53769,1.45581
26.0,1981,12.4,2.53769,1.45581
27.0,1981,5.8,2.53769,1.45581
28.0,1981,8.5,2.53769,1.45581
29.0,1981,7.7,2.53769,1.45581
30.0,1981,6.7,2.53769,1.45581
31.0,1981,4.1,2.53769,1.45581
32.0,1981,7.3,2.53769,1.45581
33.0,1981,5.1,2.53769,1.45581
34.0,1981,7.5,2.53769,1.45581
35.0,1981,7.2,2.53769,1.45581
36.0,1981,7.6,2.53769,1.45581
37.0,1981,6.4,2.53769,1.45581
38.0,1981,4.9,2.53769,1.45581
39.0,1981,9.6,2.53769,1.45581
40.0,1981,3.6,2.53769,1.45581
41.0,1981,9.7,2.53769,1.45581
42.0,1981,8.4,2.53769,1.45581
44.0,1981,7.6,2.53769,1.45581
45.0,1981,8.2,2.53769,1.45581
46.0,1981,4.8,2.53769,1.45581
47.0,1981,8.9,2.53769,1.45581
48.0,1981,5.4,2.53769,1.45581
49.0,1981,6.6,2.53769,1.45581
50.0,1981,5.9,2.53769,1.45581
51.0,1981,5.9,2.53769,1.45581
53.0,1981,9.3,2.53769,1.45581
54.0,1981,10.6,2.53769,1.45581
55.0,1981,7.8,2.53769,1.45581
56.0,1981,4.1,2.53769,1.45581
1.0,1982,14.0,-1.80301,-0.82202
2.0,1982,10.1,-1.80301,-0.82202
4.0,1982,10.0,-1.80301,-0.82202
5.0,1982,9.5,-1.80301,-0.82202
6.0,1982,10.1,-1.80301,-0.82202
8.0,1982,7.6,-1.80301,-0.82202
9.0,1982,6.9,-1.80301,-0.82202
10.0,1982,8.4,-1.80301,-0.82202
11.0,1982,10.3,-1.80301,-0.82202
12.0,1982,8.5,-1.80301,-0.82202
13.0,1982,7.8,-1.80301,-0.82202
15.0,1982,6.1,-1.80301,-0.82202
16.0,1982,9.9,-1.80301,-0.82202
17.0,1982,11.4,-1.80301,-0.82202
18.0,1982,12.0,-1.80301,-0.82202
19.0,1982,8.4,-1.80301,-0.82202
20.0,1982,6.3,-1.80301,-0.82202
21.0,1982,10.8,-1.80301,-0.82202
22.0,1982,10.2,-1.80301,-0.82202
23.0,1982,8.6,-1.80301,-0.82202
24.0,1982,8.3,-1.80301,-0.82202
25.0,1982,7.8,-1.80301,-0.82202
26.0,1982,15.5,-1.80301,-0.82202
27.0,1982,7.9,-1.80301,-0.82202
28.0,1982,11.0,-1.80301,-0.82202
29.0,1982,9.3,-1.80301,-0.82202
30.0,1982,8.6,-1.80301,-0.82202
31.0,1982,5.5,-1.80301,-0.82202
32.0,1982,10.0,-1.80301,-0.82202
33.0,1982,6.9,-1.80301,-0.82202
34.0,1982,8.7,-1.80301,-0.82202
35.0,1982,9.0,-1.80301,-0.82202
36.0,1982,8.7,-1.80301,-0.82202
37.0,1982,9.2,-1.80301,-0.82202
38.0,1982,5.6,-1.80301,-0.82202
39.0,1982,12.6,-1.80301,-0.82202
40.0,1982,6.1,-1.80301,-0.82202
41.0,1982,11.4,-1.80301,-0.82202
42.0,1982,10.9,-1.80301,-0.82202
44.0,1982,10.0,-1.80301,-0.82202
45.0,1982,10.8,-1.80301,-0.82202
46.0,1982,5.4,-1.80301,-0.82202
47.0,1982,11.7,-1.80301,-0.82202
48.0,1982,6.9,-1.80301,-0.82202
49.0,1982,8.1,-1.80301,-0.82202
50.0,1982,6.8,-1.80301,-0.82202
51.0,1982,7.4,-1.80301,-0.82202
53.0,1982,11.6,-1.80301,-0.82202
54.0,1982,14.0,-1.80301,-0.82202
55.0,1982,10.3,-1.80301,-0.82202
56.0,1982,6.0,-1.80301,-0.82202
1.0,1983,13.8,4.58378,4.08542
2.0,1983,10.1,4.58378,4.08542
4.0,1983,9.1,4.58378,4.08542
5.0,1983,9.7,4.58378,4.08542
6.0,1983,9.8,4.58378,4.08542
8.0,1983,7.1,4.58378,4.08542
9.0,1983,6.0,4.58378,4.08542
10.0,1983,7.9,4.58378,4.08542
11.0,1983,10.9,4.58378,4.08542
12.0,1983,8.6,4.58378,4.08542
13.0,1983,7.6,4.58378,4.08542
15.0,1983,5.9,4.58378,4.08542
16.0,1983,9.1,4.58378,4.08542
17.0,1983,11.7,4.58378,4.08542
18.0,1983,11.1,4.58378,4.08542
19.0,1983,8.2,4.58378,4.08542
20.0,1983,5.9,4.58378,4.08542
21.0,1983,11.3,4.58378,4.08542
22.0,1983,11.5,4.58378,4.08542
23.0,1983,8.3,4.58378,4.08542
24.0,1983,6.9,4.58378,4.08542
25.0,1983,6.9,4.58378,4.08542
26.0,1983,14.5,4.58378,4.08542
27.0,1983,7.9,4.58378,4.08542
28.0,1983,12.0,4.58378,4.08542
29.0,1983,10.0,4.58378,4.08542
30.0,1983,8.7,4.58378,4.08542
31.0,1983,5.6,4.58378,4.08542
32.0,1983,9.8,4.58378,4.08542
33.0,1983,5.5,4.58378,4.08542
34.0,1983,8.2,4.58378,4.08542
35.0,1983,9.7,4.58378,4.08542
36.0,1983,8.9,4.58378,4.08542
37.0,1983,8.9,4.58378,4.08542
38.0,1983,5.9,4.58378,4.08542
39.0,1983,12.4,4.58378,4.08542
40.0,1983,8.1,4.58378,4.08542
41.0,1983,10.8,4.58378,4.08542
42.0,1983,11.1,4.58378,4.08542
44.0,1983,8.5,4.58378,4.08542
45.0,1983,9.9,4.58378,4.08542
46.0,1983,5.2,4.58378,4.08542
47.0,1983,11.6,4.58378,4.08542
48.0,1983,8.1,4.58378,4.08542
49.0,1983,9.0,4.58378,4.08542
50.0,1983,6.5,4.58378,4.08542
51.0,1983,6.4,4.58378,4.08542
53.0,1983,11.2,4.58378,4.08542
54.0,1983,17.2,4.58378,4.08542
55.0,1983,9.8,4.58378,4.08542
56.0,1983,8.0,4.58378,4.08542
1.0,1984,11.3,7.23646,2.24662
2.0,1984,9.9,7.23646,2.24662
4.0,1984,5.0,7.23646,2.24662
5.0,1984,8.5,7.23646,2.24662
6.0,1984,7.8,7.23646,2.24662
8.0,1984,5.5,7.23646,2.24662
9.0,1984,4.6,7.23646,2.24662
10.0,1984,6.2,7.23646,2.24662
11.0,1984,8.9,7.23646,2.24662
12.0,1984,6.6,7.23646,2.24662
13.0,1984,6.1,7.23646,2.24662
15.0,1984,5.4,7.23646,2.24662
16.0,1984,7.2,7.23646,2.24662
17.0,1984,9.1,7.23646,2.24662
18.0,1984,8.5,7.23646,2.24662
19.0,1984,7.0,7.23646,2.24662
20.0,1984,5.0,7.23646,2.24662
21.0,1984,9.1,7.23646,2.24662
22.0,1984,10.2,7.23646,2.24662
23.0,1984,6.1,7.23646,2.24662
24.0,1984,5.3,7.23646,2.24662
25.0,1984,4.8,7.23646,2.24662
26.0,1984,11.2,7.23646,2.24662
27.0,1984,6.3,7.23646,2.24662
28.0,1984,10.6,7.23646,2.24662
29.0,1984,7.4,7.23646,2.24662
30.0,1984,7.5,7.23646,2.24662
31.0,1984,4.5,7.23646,2.24662
32.0,1984,7.7,7.23646,2.24662
33.0,1984,4.2,7.23646,2.24662
34.0,1984,6.3,7.23646,2.24662
35.0,1984,7.7,7.23646,2.24662
36.0,1984,7.2,7.23646,2.24662
37.0,1984,6.6,7.23646,2.24662
38.0,1984,5.4,7.23646,2.24662
39.0,1984,9.5,7.23646,2.24662
40.0,1984,6.8,7.23646,2.24662
41.0,1984,9.3,7.23646,2.24662
42.0,1984,8.9,7.23646,2.24662
44.0,1984,5.3,7.23646,2.24662
45.0,1984,7.0,7.23646,2.24662
46.0,1984,4.4,7.23646,2.24662
47.0,1984,8.8,7.23646,2.24662
48.0,1984,6.2,7.23646,2.24662
49.0,1984,6.6,7.23646,2.24662
50.0,1984,4.9,7.23646,2.24662
51.0,1984,5.1,7.23646,2.24662
53.0,1984,9.3,7.23646,2.24662
54.0,1984,14.1,7.23646,2.24662
55.0,1984,7.3,7.23646,2.24662
56.0,1984,6.3,7.23646,2.24662
1.0,1985,9.5,4.16957,1.73733
2.0,1985,9.8,4.16957,1.73733
4.0,1985,6.4,4.16957,1.73733
5.0,1985,8.5,4.16957,1.73733
6.0,1985,7.2,4.16957,1.73733
8.0,1985,6.0,4.16957,1.73733
9.0,1985,4.4,4.16957,1.73733
10.0,1985,5.1,4.16957,1.73733
11.0,1985,8.0,4.16957,1.73733
12.0,1985,6.1,4.16957,1.73733
13.0,1985,6.3,4.16957,1.73733
15.0,1985,5.2,4.16957,1.73733
16.0,1985,7.8,4.16957,1.73733
17.0,1985,9.1,4.16957,1.73733
18.0,1985,7.7,4.16957,1.73733
19.0,1985,7.4,4.16957,1.73733
20.0,1985,5.1,4.16957,1.73733
21.0,1985,9.0,4.16957,1.73733
22.0,1985,11.4,4.16957,1.73733
23.0,1985,5.6,4.16957,1.73733
24.0,1985,4.6,4.16957,1.73733
25.0,1985,4.1,4.16957,1.73733
26.0,1985,10.0,4.16957,1.73733
27.0,1985,6.0,4.16957,1.73733
28.0,1985,10.4,4.16957,1.73733
29.0,1985,6.6,4.16957,1.73733
30.0,1985,7.7,4.16957,1.73733
31.0,1985,5.0,4.16957,1.73733
32.0,1985,7.5,4.16957,1.73733
33.0,1985,3.7,4.16957,1.73733
34.0,1985,5.6,4.16957,1.73733
35.0,1985,8.6,4.16957,1.73733
36.0,1985,6.6,4.16957,1.73733
37.0,1985,5.6,4.16957,1.73733
38.0,1985,5.5,4.16957,1.73733
39.0,1985,8.9,4.16957,1.73733
40.0,1985,7.1,4.16957,1.73733
41.0,1985,8.7,4.16957,1.73733
42.0,1985,8.0,4.16957,1.73733
44.0,1985,4.7,4.16957,1.73733
45.0,1985,6.8,4.16957,1.73733
46.0,1985,4.8,4.16957,1.73733
47.0,1985,7.9,4.16957,1.73733
48.0,1985,7.0,4.16957,1.73733
49.0,1985,6.0,4.16957,1.73733
50.0,1985,4.6,4.16957,1.73733
51.0,1985,5.4,4.16957,1.73733
53.0,1985,8.2,4.16957,1.73733
54.0,1985,13.2,4.16957,1.73733
55.0,1985,7.1,4.16957,1.73733
56.0,1985,7.0,4.16957,1.73733
1.0,1986,9.6,3.46266,2.97392
2.0,1986,11.1,3.46266,2.97392
4.0,1986,7.0,3.46266,2.97392
5.0,1986,8.5,3.46266,2.97392
6.0,1986,6.8,3.46266,2.97392
8.0,1986,7.5,3.46266,2.97392
9.0,1986,3.8,3.46266,2.97392
10.0,1986,4.2,3.46266,2.97392
11.0,1986,7.4,3.46266,2.97392
12.0,1986,5.8,3.46266,2.97392
13.0,1986,5.9,3.46266,2.97392
15.0,1986,4.7,3.46266,2.97392
16.0,1986,8.4,3.46266,2.97392
17.0,1986,8.3,3.46266,2.97392
18.0,1986,6.8,3.46266,2.97392
19.0,1986,6.8,3.46266,2.97392
20.0,1986,5.4,3.46266,2.97392
21.0,1986,9.3,3.46266,2.97392
22.0,1986,12.5,3.46266,2.97392
23.0,1986,5.3,3.46266,2.97392
24.0,1986,4.6,3.46266,2.97392
25.0,1986,4.0,3.46266,2.97392
26.0,1986,8.9,3.46266,2.97392
27.0,1986,5.6,3.46266,2.97392
28.0,1986,11.4,3.46266,2.97392
29.0,1986,6.4,3.46266,2.97392
30.0,1986,8.0,3.46266,2.97392
31.0,1986,4.8,3.46266,2.97392
32.0,1986,6.4,3.46266,2.97392
33.0,1986,2.7,3.46266,2.97392
34.0,1986,5.0,3.46266,2.97392
35.0,1986,9.2,3.46266,2.97392
36.0,1986,6.2,3.46266,2.97392
37.0,1986,5.3,3.46266,2.97392
38.0,1986,5.6,3.46266,2.97392
39.0,1986,8.3,3.46266,2.97392
40.0,1986,8.3,3.46266,2.97392
41.0,1986,7.9,3.46266,2.97392
42.0,1986,7.0,3.46266,2.97392
44.0,1986,4.1,3.46266,2.97392
45.0,1986,6.4,3.46266,2.97392
46.0,1986,4.6,3.46266,2.97392
47.0,1986,7.9,3.46266,2.97392
48.0,1986,8.8,3.46266,2.97392
49.0,1986,6.2,3.46266,2.97392
50.0,1986,4.3,3.46266,2.97392
51.0,1986,5.0,3.46266,2.97392
53.0,1986,8.1,3.46266,2.97392
54.0,1986,12.1,3.46266,2.97392
55.0,1986,6.8,3.46266,2.97392
56.0,1986,8.6,3.46266,2.97392
1.0,1987,8.2,3.45462,0.53852
2.0,1987,10.1,3.45462,0.53852
4.0,1987,6.5,3.45462,0.53852
5.0,1987,8.1,3.45462,0.53852
6.0,1987,5.8,3.45462,0.53852
8.0,1987,7.5,3.45462,0.53852
9.0,1987,3.1,3.45462,0.53852
10.0,1987,3.0,3.45462,0.53852
11.0,1987,6.3,3.45462,0.53852
12.0,1987,5.4,3.45462,0.53852
13.0,1987,5.6,3.45462,0.53852
15.0,1987,3.7,3.45462,0.53852
16.0,1987,7.6,3.45462,0.53852
17.0,1987,7.5,3.45462,0.53852
18.0,1987,6.1,3.45462,0.53852
19.0,1987,5.6,3.45462,0.53852
20.0,1987,4.8,3.45462,0.53852
21.0,1987,8.3,3.45462,0.53852
22.0,1987,11.8,3.45462,0.53852
23.0,1987,4.4,3.45462,0.53852
24.0,1987,4.3,3.45462,0.53852
25.0,1987,3.3,3.45462,0.53852
26.0,1987,8.4,3.45462,0.53852
27.0,1987,5.1,3.45462,0.53852
28.0,1987,10.0,3.45462,0.53852
29.0,1987,6.2,3.45462,0.53852
30.0,1987,7.5,3.45462,0.53852
31.0,1987,4.2,3.45462,0.53852
32.0,1987,6.2,3.45462,0.53852
33.0,1987,2.2,3.45462,0.53852
34.0,1987,4.0,3.45462,0.53852
35.0,1987,8.9,3.45462,0.53852
36.0,1987,4.8,3.45462,0.53852
37.0,1987,4.6,3.45462,0.53852
38.0,1987,5.0,3.45462,0.53852
39.0,1987,7.1,3.45462,0.53852
40.0,1987,7.2,3.45462,0.53852
41.0,1987,6.2,3.45462,0.53852
42.0,1987,5.8,3.45462,0.53852
44.0,1987,3.7,3.45462,0.53852
45.0,1987,5.5,3.45462,0.53852
46.0,1987,4.3,3.45462,0.53852
47.0,1987,6.7,3.45462,0.53852
48.0,1987,8.5,3.45462,0.53852
49.0,1987,6.3,3.45462,0.53852
50.0,1987,3.8,3.45462,0.53852
51.0,1987,4.2,3.45462,0.53852
53.0,1987,7.3,3.45462,0.53852
54.0,1987,11.0,3.45462,0.53852
55.0,1987,5.7,3.45462,0.53852
56.0,1987,8.0,3.45462,0.53852
1.0,1988,7.3,4.17698,1.65170
2.0,1988,8.7,4.17698,1.65170
4.0,1988,6.4,4.17698,1.65170
5.0,1988,7.7,4.17698,1.65170
6.0,1988,5.3,4.17698,1.65170
8.0,1988,6.4,4.17698,1.65170
9.0,1988,2.9,4.17698,1.65170
10.0,1988,3.0,4.17698,1.65170
11.0,1988,5.0,4.17698,1.65170
12.0,1988,5.2,4.17698,1.65170
13.0,1988,5.6,4.17698,1.65170
15.0,1988,3.1,4.17698,1.65170
16.0,1988,6.2,4.17698,1.65170
17.0,1988,6.7,4.17698,1.65170
18.0,1988,5.2,4.17698,1.65170
19.0,1988,4.6,4.17698,1.65170
20.0,1988,4.5,4.17698,1.65170
21.0,1988,7.4,4.17698,1.65170
22.0,1988,10.6,4.17698,1.65170
23.0,1988,3.7,4.17698,1.65170
24.0,1988,4.2,4.17698,1.65170
25.0,1988,3.3,4.17698,1.65170
26.0,1988,7.6,4.17698,1.65170
27.0,1988,4.3,4.17698,1.65170
28.0,1988,8.5,4.17698,1.65170
29.0,1988,5.7,4.17698,1.65170
30.0,1988,6.6,4.17698,1.65170
31.0,1988,3.4,4.17698,1.65170
32.0,1988,5.2,4.17698,1.65170
33.0,1988,2.4,4.17698,1.65170
34.0,1988,3.8,4.17698,1.65170
35.0,1988,7.6,4.17698,1.65170
36.0,1988,4.2,4.17698,1.65170
37.0,1988,3.7,4.17698,1.65170
38.0,1988,4.6,4.17698,1.65170
39.0,1988,6.0,4.17698,1.65170
40.0,1988,6.3,4.17698,1.65170
41.0,1988,5.7,4.17698,1.65170
42.0,1988,5.1,4.17698,1.65170
44.0,1988,2.9,4.17698,1.65170
45.0,1988,4.6,4.17698,1.65170
46.0,1988,4.1,4.17698,1.65170
47.0,1988,5.8,4.17698,1.65170
48.0,1988,7.4,4.17698,1.65170
49.0,1988,5.0,4.17698,1.65170
50.0,1988,3.0,4.17698,1.65170
51.0,1988,3.9,4.17698,1.65170
53.0,1988,6.3,4.17698,1.65170
54.0,1988,9.9,4.17698,1.65170
55.0,1988,4.4,4.17698,1.65170
56.0,1988,6.4,4.17698,1.65170
1.0,1989,7.0,3.67224,0.88557
2.0,1989,7.1,3.67224,0.88557
4.0,1989,5.2,3.67224,0.88557
5.0,1989,7.0,3.67224,0.88557
6.0,1989,5.1,3.67224,0.88557
8.0,1989,5.6,3.67224,0.88557
9.0,1989,3.6,3.67224,0.88557
10.0,1989,3.3,3.67224,0.88557
11.0,1989,4.8,3.67224,0.88557
12.0,1989,5.6,3.67224,0.88557
13.0,1989,5.4,3.67224,0.88557
15.0,1989,2.5,3.67224,0.88557
16.0,1989,5.5,3.67224,0.88557
17.0,1989,6.1,3.67224,0.88557
18.0,1989,4.7,3.67224,0.88557
19.0,1989,4.3,3.67224,0.88557
20.0,1989,4.1,3.67224,0.88557
21.0,1989,6.3,3.67224,0.88557
22.0,1989,7.9,3.67224,0.88557
23.0,1989,4.0,3.67224,0.88557
24.0,1989,3.8,3.67224,0.88557
25.0,1989,4.2,3.67224,0.88557
26.0,1989,7.2,3.67224,0.88557
27.0,1989,4.4,3.67224,0.88557
28.0,1989,7.9,3.67224,0.88557
29.0,1989,5.6,3.67224,0.88557
30.0,1989,6.0,3.67224,0.88557
31.0,1989,2.9,3.67224,0.88557
32.0,1989,4.7,3.67224,0.88557
33.0,1989,3.3,3.67224,0.88557
34.0,1989,4.0,3.67224,0.88557
35.0,1989,6.8,3.67224,0.88557
36.0,1989,4.9,3.67224,0.88557
37.0,1989,3.6,3.67224,0.88557
38.0,1989,4.3,3.67224,0.88557
39.0,1989,5.6,3.67224,0.88557
40.0,1989,5.7,3.67224,0.88557
41.0,1989,5.3,3.67224,0.88557
42.0,1989,4.9,3.67224,0.88557
44.0,1989,3.9,3.67224,0.88557
45.0,1989,4.6,3.67224,0.88557
46.0,1989,3.8,3.67224,0.88557
47.0,1989,5.1,3.67224,0.88557
48.0,1989,6.7,3.67224,0.88557
49.0,1989,4.6,3.67224,0.88557
50.0,1989,3.6,3.67224,0.88557
51.0,1989,3.9,3.67224,0.88557
53.0,1989,5.9,3.67224,0.88557
54.0,1989,8.7,3.67224,0.88557
55.0,1989,4.3,3.67224,0.88557
56.0,1989,6.1,3.67224,0.88557
1.0,1990,6.8,1.88596,1.68965
2.0,1990,7.3,1.88596,1.68965
4.0,1990,5.2,1.88596,1.68965
5.0,1990,6.9,1.88596,1.68965
6.0,1990,5.8,1.88596,1.68965
8.0,1990,5.1,1.88596,1.68965
9.0,1990,4.9,1.88596,1.68965
10.0,1990,4.4,1.88596,1.68965
11.0,1990,5.9,1.88596,1.68965
12.0,1990,6.2,1.88596,1.68965
13.0,1990,5.4,1.88596,1.68965
15.0,1990,2.6,1.88596,1.68965
16.0,1990,5.6,1.88596,1.68965
17.0,1990,6.3,1.88596,1.68965
18.0,1990,5.1,1.88596,1.68965
19.0,1990,4.4,1.88596,1.68965
20.0,1990,4.2,1.88596,1.68965
21.0,1990,6.0,1.88596,1.68965
22.0,1990,6.2,1.88596,1.68965
23.0,1990,5.4,1.88596,1.68965
24.0,1990,4.3,1.88596,1.68965
25.0,1990,6.4,1.88596,1.68965
26.0,1990,7.7,1.88596,1.68965
27.0,1990,4.7,1.88596,1.68965
28.0,1990,7.6,1.88596,1.68965
29.0,1990,5.9,1.88596,1.68965
30.0,1990,6.1,1.88596,1.68965
31.0,1990,2.4,1.88596,1.68965
32.0,1990,4.7,1.88596,1.68965
33.0,1990,5.3,1.88596,1.68965
34.0,1990,5.1,1.88596,1.68965
35.0,1990,6.7,1.88596,1.68965
36.0,1990,5.4,1.88596,1.68965
37.0,1990,4.1,1.88596,1.68965
38.0,1990,4.1,1.88596,1.68965
39.0,1990,5.8,1.88596,1.68965
40.0,1990,5.4,1.88596,1.68965
41.0,1990,5.4,1.88596,1.68965
42.0,1990,5.5,1.88596,1.68965
44.0,1990,6.2,1.88596,1.68965
45.0,1990,4.9,1.88596,1.68965
46.0,1990,3.6,1.88596,1.68965
47.0,1990,5.4,1.88596,1.68965
48.0,1990,6.4,1.88596,1.68965
49.0,1990,4.4,1.88596,1.68965
50.0,1990,4.7,1.88596,1.68965
51.0,1990,4.4,1.88596,1.68965
53.0,1990,5.2,1.88596,1.68965
54.0,1990,8.6,1.88596,1.68965
55.0,1990,4.4,1.88596,1.68965
56.0,1990,5.1,1.88596,1.68965
1.0,1991,7.3,-0.10831,1.63666
2.0,1991,8.3,-0.10831,1.63666
4.0,1991,5.9,-0.10831,1.63666
5.0,1991,7.3,-0.10831,1.63666
6.0,1991,7.8,-0.10831,1.63666
8.0,1991,5.3,-0.10831,1.63666
9.0,1991,6.6,-0.10831,1.63666
10.0,1991,5.9,-0.10831,1.63666
11.0,1991,7.7,-0.10831,1.63666
12.0,1991,7.6,-0.10831,1.63666
13.0,1991,5.3,-0.10831,1.63666
15.0,1991,2.8,-0.10831,1.63666
16.0,1991,6.3,-0.10831,1.63666
17.0,1991,7.3,-0.10831,1.63666
18.0,1991,5.7,-0.10831,1.63666
19.0,1991,4.7,-0.10831,1.63666
20.0,1991,4.4,-0.10831,1.63666
21.0,1991,7.3,-0.10831,1.63666
22.0,1991,7.2,-0.10831,1.63666
23.0,1991,7.8,-0.10831,1.63666
24.0,1991,5.9,-0.10831,1.63666
25.0,1991,8.9,-0.10831,1.63666
26.0,1991,9.3,-0.10831,1.63666
27.0,1991,5.1,-0.10831,1.63666
28.0,1991,8.4,-0.10831,1.63666
29.0,1991,6.6,-0.10831,1.63666
30.0,1991,6.9,-0.10831,1.63666
31.0,1991,2.7,-0.10831,1.63666
32.0,1991,5.9,-0.10831,1.63666
33.0,1991,6.8,-0.10831,1.63666
34.0,1991,6.8,-0.10831,1.63666
35.0,1991,7.3,-0.10831,1.63666
36.0,1991,7.3,-0.10831,1.63666
37.0,1991,5.9,-0.10831,1.63666
38.0,1991,4.4,-0.10831,1.63666
39.0,1991,6.5,-0.10831,1.63666
40.0,1991,6.0,-0.10831,1.63666
41.0,1991,6.2,-0.10831,1.63666
42.0,1991,6.9,-0.10831,1.63666
44.0,1991,8.4,-0.10831,1.63666
45.0,1991,6.1,-0.10831,1.63666
46.0,1991,3.5,-0.10831,1.63666
47.0,1991,6.6,-0.10831,1.63666
48.0,1991,7.0,-0.10831,1.63666
49.0,1991,4.8,-0.10831,1.63666
50.0,1991,6.0,-0.10831,1.63666
51.0,1991,5.8,-0.10831,1.63666
53.0,1991,6.1,-0.10831,1.63666
54.0,1991,10.6,-0.10831,1.63666
55.0,1991,5.4,-0.10831,1.63666
56.0,1991,5.0,-0.10831,1.63666
1.0,1992,7.5,3.52250,4.46584
2.0,1992,8.9,3.52250,4.46584
4.0,1992,7.6,3.52250,4.46584
5.0,1992,7.0,3.52250,4.46584
6.0,1992,9.4,3.52250,4.46584
8.0,1992,6.1,3.52250,4.46584
9.0,1992,7.3,3.52250,4.46584
10.0,1992,5.2,3.52250,4.46584
11.0,1992,8.6,3.52250,4.46584
12.0,1992,8.4,3.52250,4.46584
13.0,1992,6.6,3.52250,4.46584
15.0,1992,4.1,3.52250,4.46584
16.0,1992,6.5,3.52250,4.46584
17.0,1992,7.9,3.52250,4.46584
18.0,1992,6.1,3.52250,4.46584
19.0,1992,4.5,3.52250,4.46584
20.0,1992,4.6,3.52250,4.46584
21.0,1992,6.9,3.52250,4.46584
22.0,1992,7.8,3.52250,4.46584
23.0,1992,7.3,3.52250,4.46584
24.0,1992,6.5,3.52250,4.46584
25.0,1992,8.8,3.52250,4.46584
26.0,1992,9.1,3.52250,4.46584
27.0,1992,5.0,3.52250,4.46584
28.0,1992,8.0,3.52250,4.46584
29.0,1992,6.2,3.52250,4.46584
30.0,1992,6.7,3.52250,4.46584
31.0,1992,2.9,3.52250,4.46584
32.0,1992,6.8,3.52250,4.46584
33.0,1992,7.3,3.52250,4.46584
34.0,1992,8.5,3.52250,4.46584
35.0,1992,7.3,3.52250,4.46584
36.0,1992,8.7,3.52250,4.46584
37.0,1992,6.2,3.52250,4.46584
38.0,1992,4.6,3.52250,4.46584
39.0,1992,7.4,3.52250,4.46584
40.0,1992,5.9,3.52250,4.46584
41.0,1992,7.3,3.52250,4.46584
42.0,1992,7.4,3.52250,4.46584
44.0,1992,9.0,3.52250,4.46584
45.0,1992,6.8,3.52250,4.46584
46.0,1992,3.5,3.52250,4.46584
47.0,1992,6.4,3.52250,4.46584
48.0,1992,7.7,3.52250,4.46584
49.0,1992,4.9,3.52250,4.46584
50.0,1992,6.2,3.52250,4.46584
51.0,1992,6.2,3.52250,4.46584
53.0,1992,7.2,3.52250,4.46584
54.0,1992,11.2,3.52250,4.46584
55.0,1992,5.1,3.52250,4.46584
56.0,1992,5.4,3.52250,4.46584
1.0,1993,7.2,2.75179,0.11244
2.0,1993,7.8,2.75179,0.11244
4.0,1993,6.4,2.75179,0.11244
5.0,1993,6.1,2.75179,0.11244
6.0,1993,9.5,2.75179,0.11244
8.0,1993,5.4,2.75179,0.11244
9.0,1993,6.5,2.75179,0.11244
10.0,1993,4.9,2.75179,0.11244
11.0,1993,8.4,2.75179,0.11244
12.0,1993,7.4,2.75179,0.11244
13.0,1993,5.7,2.75179,0.11244
15.0,1993,4.4,2.75179,0.11244
16.0,1993,6.1,2.75179,0.11244
17.0,1993,7.5,2.75179,0.11244
18.0,1993,5.1,2.75179,0.11244
19.0,1993,4.1,2.75179,0.11244
20.0,1993,4.9,2.75179,0.11244
21.0,1993,6.2,2.75179,0.11244
22.0,1993,7.5,2.75179,0.11244
23.0,1993,6.8,2.75179,0.11244
24.0,1993,6.0,2.75179,0.11244
25.0,1993,7.3,2.75179,0.11244
26.0,1993,7.4,2.75179,0.11244
27.0,1993,4.8,2.75179,0.11244
28.0,1993,6.7,2.75179,0.11244
29.0,1993,6.2,2.75179,0.11244
30.0,1993,6.1,2.75179,0.11244
31.0,1993,2.8,2.75179,0.11244
32.0,1993,6.9,2.75179,0.11244
33.0,1993,6.1,2.75179,0.11244
34.0,1993,7.8,2.75179,0.11244
35.0,1993,7.3,2.75179,0.11244
36.0,1993,7.9,2.75179,0.11244
37.0,1993,5.1,2.75179,0.11244
38.0,1993,4.3,2.75179,0.11244
39.0,1993,6.7,2.75179,0.11244
40.0,1993,5.6,2.75179,0.11244
41.0,1993,7.0,2.75179,0.11244
42.0,1993,6.9,2.75179,0.11244
44.0,1993,7.5,2.75179,0.11244
45.0,1993,7.3,2.75179,0.11244
46.0,1993,3.5,2.75179,0.11244
47.0,1993,5.9,2.75179,0.11244
48.0,1993,7.2,2.75179,0.11244
49.0,1993,4.0,2.75179,0.11244
50.0,1993,5.2,2.75179,0.11244
51.0,1993,5.2,2.75179,0.11244
53.0,1993,7.3,2.75179,0.11244
54.0,1993,10.3,2.75179,0.11244
55.0,1993,4.4,2.75179,0.11244
56.0,1993,5.3,2.75179,0.11244
1.0,1994,6.2,4.02902,0.69411
2.0,1994,7.6,4.02902,0.69411
4.0,1994,6.2,4.02902,0.69411
5.0,1994,5.4,4.02902,0.69411
6.0,1994,8.6,4.02902,0.69411
8.0,1994,4.1,4.02902,0.69411
9.0,1994,5.5,4.02902,0.69411
10.0,1994,4.7,4.02902,0.69411
11.0,1994,7.9,4.02902,0.69411
12.0,1994,6.5,4.02902,0.69411
13.0,1994,5.0,4.02902,0.69411
15.0,1994,5.2,4.02902,0.69411
16.0,1994,5.5,4.02902,0.69411
17.0,1994,5.8,4.02902,0.69411
18.0,1994,4.7,4.02902,0.69411
19.0,1994,3.6,4.02902,0.69411
20.0,1994,4.8,4.02902,0.69411
21.0,1994,5.4,4.02902,0.69411
22.0,1994,7.6,4.02902,0.69411
23.0,1994,6.6,4.02902,0.69411
24.0,1994,5.2,4.02902,0.69411
25.0,1994,6.2,4.02902,0.69411
26.0,1994,6.1,4.02902,0.69411
27.0,1994,4.0,4.02902,0.69411
28.0,1994,6.3,4.02902,0.69411
29.0,1994,5.2,4.02902,0.69411
30.0,1994,5.5,4.02902,0.69411
31.0,1994,2.6,4.02902,0.69411
32.0,1994,6.2,4.02902,0.69411
33.0,1994,4.5,4.02902,0.69411
34.0,1994,6.8,4.02902,0.69411
35.0,1994,6.5,4.02902,0.69411
36.0,1994,6.9,4.02902,0.69411
37.0,1994,4.4,4.02902,0.69411
38.0,1994,3.7,4.02902,0.69411
39.0,1994,5.7,4.02902,0.69411
40.0,1994,5.3,4.02902,0.69411
41.0,1994,5.3,4.02902,0.69411
42.0,1994,6.3,4.02902,0.69411
44.0,1994,6.6,4.02902,0.69411
45.0,1994,6.2,4.02902,0.69411
46.0,1994,3.3,4.02902,0.69411
47.0,1994,4.8,4.02902,0.69411
48.0,1994,6.6,4.02902,0.69411
49.0,1994,3.7,4.02902,0.69411
50.0,1994,4.4,4.02902,0.69411
51.0,1994,4.8,4.02902,0.69411
53.0,1994,6.3,4.02902,0.69411
54.0,1994,8.8,4.02902,0.69411
55.0,1994,4.2,4.02902,0.69411
56.0,1994,4.9,4.02902,0.69411
1.0,1995,5.8,2.68444,1.08335
2.0,1995,7.3,2.68444,1.08335
4.0,1995,5.3,2.68444,1.08335
5.0,1995,4.9,2.68444,1.08335
6.0,1995,7.9,2.68444,1.08335
8.0,1995,4.0,2.68444,1.08335
9.0,1995,5.3,2.68444,1.08335
10.0,1995,4.3,2.68444,1.08335
11.0,1995,8.6,2.68444,1.08335
12.0,1995,5.6,2.68444,1.08335
13.0,1995,4.7,2.68444,1.08335
15.0,1995,5.5,2.68444,1.08335
16.0,1995,5.5,2.68444,1.08335
17.0,1995,5.2,2.68444,1.08335
18.0,1995,4.4,2.68444,1.08335
19.0,1995,3.5,2.68444,1.08335
20.0,1995,4.4,2.68444,1.08335
21.0,1995,5.4,2.68444,1.08335
22.0,1995,6.9,2.68444,1.08335
23.0,1995,5.9,2.68444,1.08335
24.0,1995,5.0,2.68444,1.08335
25.0,1995,5.5,2.68444,1.08335
26.0,1995,5.3,2.68444,1.08335
27.0,1995,3.7,2.68444,1.08335
28.0,1995,6.2,2.68444,1.08335
29.0,1995,4.8,2.68444,1.08335
30.0,1995,5.7,2.68444,1.08335
31.0,1995,2.6,2.68444,1.08335
32.0,1995,5.6,2.68444,1.08335
33.0,1995,3.8,2.68444,1.08335
34.0,1995,6.4,2.68444,1.08335
35.0,1995,6.6,2.68444,1.08335
36.0,1995,6.3,2.68444,1.08335
37.0,1995,4.4,2.68444,1.08335
38.0,1995,3.3,2.68444,1.08335
39.0,1995,4.9,2.68444,1.08335
40.0,1995,4.5,2.68444,1.08335
41.0,1995,4.8,2.68444,1.08335
42.0,1995,5.9,2.68444,1.08335
44.0,1995,6.3,2.68444,1.08335
45.0,1995,5.1,2.68444,1.08335
46.0,1995,3.2,2.68444,1.08335
47.0,1995,5.2,2.68444,1.08335
48.0,1995,6.1,2.68444,1.08335
49.0,1995,3.4,2.68444,1.08335
50.0,1995,4.2,2.68444,1.08335
51.0,1995,4.4,2.68444,1.08335
53.0,1995,6.2,2.68444,1.08335
54.0,1995,8.0,2.68444,1.08335
55.0,1995,3.7,2.68444,1.08335
56.0,1995,4.8,2.68444,1.08335
1.0,1996,5.2,3.77277,2.08671
2.0,1996,7.4,3.77277,2.08671
4.0,1996,5.5,3.77277,2.08671
5.0,1996,5.2,3.77277,2.08671
6.0,1996,7.4,3.77277,2.08671
8.0,1996,4.2,3.77277,2.08671
9.0,1996,5.2,3.77277,2.08671
10.0,1996,5.0,3.77277,2.08671
11.0,1996,8.4,3.77277,2.08671
12.0,1996,5.3,3.77277,2.08671
13.0,1996,4.6,3.77277,2.08671
15.0,1996,5.9,3.77277,2.08671
16.0,1996,5.4,3.77277,2.08671
17.0,1996,5.3,3.77277,2.08671
18.0,1996,4.0,3.77277,2.08671
19.0,1996,3.6,3.77277,2.08671
20.0,1996,4.2,3.77277,2.08671
21.0,1996,5.4,3.77277,2.08671
22.0,1996,6.5,3.77277,2.08671
23.0,1996,5.3,3.77277,2.08671
24.0,1996,4.9,3.77277,2.08671
25.0,1996,4.6,3.77277,2.08671
26.0,1996,4.9,3.77277,2.08671
27.0,1996,3.8,3.77277,2.08671
28.0,1996,6.0,3.77277,2.08671
29.0,1996,4.7,3.77277,2.08671
30.0,1996,5.6,3.77277,2.08671
31.0,1996,2.7,3.77277,2.08671
32.0,1996,5.1,3.77277,2.08671
33.0,1996,3.7,3.77277,2.08671
34.0,1996,6.1,3.77277,2.08671
35.0,1996,7.5,3.77277,2.08671
36.0,1996,6.3,3.77277,2.08671
37.0,1996,4.3,3.77277,2.08671
38.0,1996,3.1,3.77277,2.08671
39.0,1996,5.0,3.77277,2.08671
40.0,1996,4.0,3.77277,2.08671
41.0,1996,5.6,3.77277,2.08671
42.0,1996,5.5,3.77277,2.08671
44.0,1996,5.2,3.77277,2.08671
45.0,1996,5.7,3.77277,2.08671
46.0,1996,3.3,3.77277,2.08671
47.0,1996,5.2,3.77277,2.08671
48.0,1996,5.8,3.77277,2.08671
49.0,1996,3.4,3.77277,2.08671
50.0,1996,4.3,3.77277,2.08671
51.0,1996,4.3,3.77277,2.08671
53.0,1996,5.9,3.77277,2.08671
54.0,1996,7.6,3.77277,2.08671
55.0,1996,3.6,3.77277,2.08671
56.0,1996,5.0,3.77277,2.08671
1.0,1997,4.9,4.44713,1.93518
2.0,1997,6.9,4.44713,1.93518
4.0,1997,4.6,4.44713,1.93518
5.0,1997,5.1,4.44713,1.93518
6.0,1997,6.4,4.44713,1.93518
8.0,1997,3.4,4.44713,1.93518
9.0,1997,4.7,4.44713,1.93518
10.0,1997,4.0,4.44713,1.93518
11.0,1997,8.1,4.44713,1.93518
12.0,1997,4.9,4.44713,1.93518
13.0,1997,4.5,4.44713,1.93518
15.0,1997,5.9,4.44713,1.93518
16.0,1997,5.2,4.44713,1.93518
17.0,1997,4.8,4.44713,1.93518
18.0,1997,3.4,4.44713,1.93518
19.0,1997,3.1,4.44713,1.93518
20.0,1997,3.8,4.44713,1.93518
21.0,1997,5.2,4.44713,1.93518
22.0,1997,5.9,4.44713,1.93518
23.0,1997,5.2,4.44713,1.93518
24.0,1997,4.8,4.44713,1.93518
25.0,1997,4.1,4.44713,1.93518
26.0,1997,4.3,4.44713,1.93518
27.0,1997,3.2,4.44713,1.93518
28.0,1997,5.7,4.44713,1.93518
29.0,1997,4.4,4.44713,1.93518
30.0,1997,5.5,4.44713,1.93518
31.0,1997,2.4,4.44713,1.93518
32.0,1997,4.4,4.44713,1.93518
33.0,1997,3.4,4.44713,1.93518
34.0,1997,5.3,4.44713,1.93518
35.0,1997,6.4,4.44713,1.93518
36.0,1997,6.4,4.44713,1.93518
37.0,1997,3.8,4.44713,1.93518
38.0,1997,2.9,4.44713,1.93518
39.0,1997,4.6,4.44713,1.93518
40.0,1997,4.0,4.44713,1.93518
41.0,1997,5.6,4.44713,1.93518
42.0,1997,5.1,4.44713,1.93518
44.0,1997,5.3,4.44713,1.93518
45.0,1997,4.5,4.44713,1.93518
46.0,1997,2.9,4.44713,1.93518
47.0,1997,5.3,4.44713,1.93518
48.0,1997,5.4,4.44713,1.93518
49.0,1997,3.2,4.44713,1.93518
50.0,1997,3.9,4.44713,1.93518
51.0,1997,3.7,4.44713,1.93518
53.0,1997,4.9,4.44713,1.93518
54.0,1997,7.0,4.44713,1.93518
55.0,1997,3.5,4.44713,1.93518
56.0,1997,4.8,4.44713,1.93518
1.0,1998,4.5,4.48313,3.34679
2.0,1998,6.3,4.48313,3.34679
4.0,1998,4.3,4.48313,3.34679
5.0,1998,5.0,4.48313,3.34679
6.0,1998,5.9,4.48313,3.34679
8.0,1998,3.6,4.48313,3.34679
9.0,1998,3.2,4.48313,3.34679
10.0,1998,3.5,4.48313,3.34679
11.0,1998,8.3,4.48313,3.34679
12.0,1998,4.4,4.48313,3.34679
13.0,1998,4.2,4.48313,3.34679
15.0,1998,5.8,4.48313,3.34679
16.0,1998,5.2,4.48313,3.34679
17.0,1998,4.4,4.48313,3.34679
18.0,1998,3.0,4.48313,3.34679
19.0,1998,2.8,4.48313,3.34679
20.0,1998,3.7,4.48313,3.34679
21.0,1998,4.5,4.48313,3.34679
22.0,1998,5.5,4.48313,3.34679
23.0,1998,4.5,4.48313,3.34679
24.0,1998,4.2,4.48313,3.34679
25.0,1998,3.4,4.48313,3.34679
26.0,1998,4.0,4.48313,3.34679
27.0,1998,2.7,4.48313,3.34679
28.0,1998,5.2,4.48313,3.34679
29.0,1998,4.0,4.48313,3.34679
30.0,1998,5.6,4.48313,3.34679
31.0,1998,2.5,4.48313,3.34679
32.0,1998,4.2,4.48313,3.34679
33.0,1998,2.8,4.48313,3.34679
34.0,1998,4.6,4.48313,3.34679
35.0,1998,6.2,4.48313,3.34679
36.0,1998,5.6,4.48313,3.34679
37.0,1998,3.5,4.48313,3.34679
38.0,1998,2.9,4.48313,3.34679
39.0,1998,4.4,4.48313,3.34679
40.0,1998,4.1,4.48313,3.34679
41.0,1998,5.6,4.48313,3.34679
42.0,1998,4.7,4.48313,3.34679
44.0,1998,4.5,4.48313,3.34679
45.0,1998,3.6,4.48313,3.34679
46.0,1998,2.8,4.48313,3.34679
47.0,1998,4.4,4.48313,3.34679
48.0,1998,5.0,4.48313,3.34679
49.0,1998,3.6,4.48313,3.34679
50.0,1998,3.5,4.48313,3.34679
51.0,1998,2.8,4.48313,3.34679
53.0,1998,4.8,4.48313,3.34679
54.0,1998,6.7,4.48313,3.34679
55.0,1998,3.3,4.48313,3.34679
56.0,1998,4.8,4.48313,3.34679
1.0,1999,4.7,4.78843,3.91495
2.0,1999,6.4,4.78843,3.91495
4.0,1999,4.5,4.78843,3.91495
5.0,1999,4.5,4.78843,3.91495
6.0,1999,5.3,4.78843,3.91495
8.0,1999,3.0,4.78843,3.91495
9.0,1999,2.5,4.78843,3.91495
10.0,1999,3.3,4.78843,3.91495
11.0,1999,6.6,4.78843,3.91495
12.0,1999,3.9,4.78843,3.91495
13.0,1999,3.8,4.78843,3.91495
15.0,1999,5.2,4.78843,3.91495
16.0,1999,5.0,4.78843,3.91495
17.0,1999,4.4,4.78843,3.91495
18.0,1999,2.9,4.78843,3.91495
19.0,1999,2.7,4.78843,3.91495
20.0,1999,3.5,4.78843,3.91495
21.0,1999,4.5,4.78843,3.91495
22.0,1999,5.0,4.78843,3.91495
23.0,1999,4.0,4.78843,3.91495
24.0,1999,3.5,4.78843,3.91495
25.0,1999,3.3,4.78843,3.91495
26.0,1999,3.7,4.78843,3.91495
27.0,1999,2.7,4.78843,3.91495
28.0,1999,5.1,4.78843,3.91495
29.0,1999,3.2,4.78843,3.91495
30.0,1999,5.3,4.78843,3.91495
31.0,1999,2.7,4.78843,3.91495
32.0,1999,4.0,4.78843,3.91495
33.0,1999,2.8,4.78843,3.91495
34.0,1999,4.4,4.78843,3.91495
35.0,1999,5.6,4.78843,3.91495
36.0,1999,5.2,4.78843,3.91495
37.0,1999,3.3,4.78843,3.91495
38.0,1999,3.1,4.78843,3.91495
39.0,1999,4.3,4.78843,3.91495
40.0,1999,3.5,4.78843,3.91495
41.0,1999,5.5,4.78843,3.91495
42.0,1999,4.5,4.78843,3.91495
44.0,1999,4.2,4.78843,3.91495
45.0,1999,4.1,4.78843,3.91495
46.0,1999,2.7,4.78843,3.91495
47.0,1999,4.0,4.78843,3.91495
48.0,1999,4.7,4.78843,3.91495
49.0,1999,3.5,4.78843,3.91495
50.0,1999,3.1,4.78843,3.91495
51.0,1999,2.7,4.78843,3.91495
53.0,1999,4.8,4.78843,3.91495
54.0,1999,6.4,4.78843,3.91495
55.0,1999,3.1,4.78843,3.91495
56.0,1999,4.7,4.78843,3.91495
1.0,2000,4.6,4.07759,2.99279
2.0,2000,6.3,4.07759,2.99279
4.0,2000,4.0,4.07759,2.99279
5.0,2000,4.2,4.07759,2.99279
6.0,2000,4.9,4.07759,2.99279
8.0,2000,2.7,4.07759,2.99279
9.0,2000,2.1,4.07759,2.99279
10.0,2000,3.6,4.07759,2.99279
11.0,2000,5.7,4.07759,2.99279
12.0,2000,3.8,4.07759,2.99279
13.0,2000,3.5,4.07759,2.99279
15.0,2000,4.2,4.07759,2.99279
16.0,2000,4.7,4.07759,2.99279
17.0,2000,4.4,4.07759,2.99279
18.0,2000,3.1,4.07759,2.99279
19.0,2000,2.7,4.07759,2.99279
20.0,2000,3.8,4.07759,2.99279
21.0,2000,4.1,4.07759,2.99279
22.0,2000,5.2,4.07759,2.99279
23.0,2000,3.3,4.07759,2.99279
24.0,2000,3.5,4.07759,2.99279
25.0,2000,2.8,4.07759,2.99279
26.0,2000,3.7,4.07759,2.99279
27.0,2000,3.0,4.07759,2.99279
28.0,2000,5.3,4.07759,2.99279
29.0,2000,3.4,4.07759,2.99279
30.0,2000,4.8,4.07759,2.99279
31.0,2000,2.8,4.07759,2.99279
32.0,2000,4.1,4.07759,2.99279
33.0,2000,2.6,4.07759,2.99279
34.0,2000,3.6,4.07759,2.99279
35.0,2000,5.0,4.07759,2.99279
36.0,2000,4.5,4.07759,2.99279
37.0,2000,3.8,4.07759,2.99279
38.0,2000,2.9,4.07759,2.99279
39.0,2000,4.1,4.07759,2.99279
40.0,2000,3.0,4.07759,2.99279
41.0,2000,5.2,4.07759,2.99279
42.0,2000,4.2,4.07759,2.99279
44.0,2000,4.0,4.07759,2.99279
45.0,2000,3.7,4.07759,2.99279
46.0,2000,2.5,4.07759,2.99279
47.0,2000,3.9,4.07759,2.99279
48.0,2000,4.4,4.07759,2.99279
49.0,2000,3.3,4.07759,2.99279
50.0,2000,2.8,4.07759,2.99279
51.0,2000,2.3,4.07759,2.99279
53.0,2000,5.1,4.07759,2.99279
54.0,2000,5.6,4.07759,2.99279
55.0,2000,3.4,4.07759,2.99279
56.0,2000,3.8,4.07759,2.99279
1.0,2001,5.2,0.95554,2.58476
2.0,2001,6.3,0.95554,2.58476
4.0,2001,4.7,0.95554,2.58476
5.0,2001,4.8,0.95554,2.58476
6.0,2001,5.5,0.95554,2.58476
8.0,2001,3.8,0.95554,2.58476
9.0,2001,2.9,0.95554,2.58476
10.0,2001,3.6,0.95554,2.58476
11.0,2001,6.5,0.95554,2.58476
12.0,2001,4.4,0.95554,2.58476
13.0,2001,4.1,0.95554,2.58476
15.0,2001,4.3,0.95554,2.58476
16.0,2001,5.1,0.95554,2.58476
17.0,2001,5.4,0.95554,2.58476
18.0,2001,4.2,0.95554,2.58476
19.0,2001,3.3,0.95554,2.58476
20.0,2001,4.3,0.95554,2.58476
21.0,2001,5.2,0.95554,2.58476
22.0,2001,5.6,0.95554,2.58476
23.0,2001,3.8,0.95554,2.58476
24.0,2001,4.2,0.95554,2.58476
25.0,2001,3.8,0.95554,2.58476
26.0,2001,5.2,0.95554,2.58476
27.0,2001,3.8,0.95554,2.58476
28.0,2001,5.5,0.95554,2.58476
29.0,2001,4.5,0.95554,2.58476
30.0,2001,4.6,0.95554,2.58476
31.0,2001,3.2,0.95554,2.58476
32.0,2001,5.2,0.95554,2.58476
33.0,2001,3.4,0.95554,2.58476
34.0,2001,4.2,0.95554,2.58476
35.0,2001,5.0,0.95554,2.58476
36.0,2001,4.9,0.95554,2.58476
37.0,2001,5.6,0.95554,2.58476
38.0,2001,2.8,0.95554,2.58476
39.0,2001,4.4,0.95554,2.58476
40.0,2001,3.6,0.95554,2.58476
41.0,2001,6.4,0.95554,2.58476
42.0,2001,4.8,0.95554,2.58476
44.0,2001,4.4,0.95554,2.58476
45.0,2001,5.3,0.95554,2.58476
46.0,2001,3.0,0.95554,2.58476
47.0,2001,4.5,0.95554,2.58476
48.0,2001,5.0,0.95554,2.58476
49.0,2001,4.4,0.95554,2.58476
50.0,2001,3.3,0.95554,2.58476
51.0,2001,3.3,0.95554,2.58476
53.0,2001,6.0,0.95554,2.58476
54.0,2001,5.4,0.95554,2.58476
55.0,2001,4.4,0.95554,2.58476
56.0,2001,3.8,0.95554,2.58476
1.0,2002,5.9,1.70044,4.26942
2.0,2002,7.2,1.70044,4.26942
4.0,2002,6.1,1.70044,4.26942
5.0,2002,5.3,1.70044,4.26942
6.0,2002,6.8,1.70044,4.26942
8.0,2002,5.7,1.70044,4.26942
9.0,2002,4.4,1.70044,4.26942
10.0,2002,4.3,1.70044,4.26942
11.0,2002,7.0,1.70044,4.26942
12.0,2002,5.0,1.70044,4.26942
13.0,2002,5.3,1.70044,4.26942
15.0,2002,4.0,1.70044,4.26942
16.0,2002,5.6,1.70044,4.26942
17.0,2002,6.6,1.70044,4.26942
18.0,2002,5.2,1.70044,4.26942
19.0,2002,4.0,1.70044,4.26942
20.0,2002,5.1,1.70044,4.26942
21.0,2002,5.8,1.70044,4.26942
22.0,2002,6.0,1.70044,4.26942
23.0,2002,4.5,1.70044,4.26942
24.0,2002,4.8,1.70044,4.26942
25.0,2002,5.2,1.70044,4.26942
26.0,2002,6.2,1.70044,4.26942
27.0,2002,4.5,1.70044,4.26942
28.0,2002,6.4,1.70044,4.26942
29.0,2002,5.3,1.70044,4.26942
30.0,2002,4.6,1.70044,4.26942
31.0,2002,3.7,1.70044,4.26942
32.0,2002,5.7,1.70044,4.26942
33.0,2002,4.5,1.70044,4.26942
34.0,2002,5.8,1.70044,4.26942
35.0,2002,5.5,1.70044,4.26942
36.0,2002,6.2,1.70044,4.26942
37.0,2002,6.9,1.70044,4.26942
38.0,2002,3.4,1.70044,4.26942
39.0,2002,5.8,1.70044,4.26942
40.0,2002,4.6,1.70044,4.26942
41.0,2002,7.5,1.70044,4.26942
42.0,2002,5.5,1.70044,4.26942
44.0,2002,5.1,1.70044,4.26942
45.0,2002,6.4,1.70044,4.26942
46.0,2002,3.2,1.70044,4.26942
47.0,2002,5.1,1.70044,4.26942
48.0,2002,6.4,1.70044,4.26942
49.0,2002,5.7,1.70044,4.26942
50.0,2002,3.8,1.70044,4.26942
51.0,2002,4.4,1.70044,4.26942
53.0,2002,7.1,1.70044,4.26942
54.0,2002,6.5,1.70044,4.26942
55.0,2002,5.3,1.70044,4.26942
56.0,2002,4.0,1.70044,4.26942
1.0,2003,6.0,2.79561,3.68579
2.0,2003,7.7,2.79561,3.68579
4.0,2003,5.8,2.79561,3.68579
5.0,2003,5.8,2.79561,3.68579
6.0,2003,6.9,2.79561,3.68579
8.0,2003,6.1,2.79561,3.68579
9.0,2003,5.4,2.79561,3.68579
10.0,2003,4.5,2.79561,3.68579
11.0,2003,7.3,2.79561,3.68579
12.0,2003,4.5,2.79561,3.68579
13.0,2003,5.1,2.79561,3.68579
15.0,2003,3.9,2.79561,3.68579
16.0,2003,5.6,2.79561,3.68579
17.0,2003,6.7,2.79561,3.68579
18.0,2003,5.3,2.79561,3.68579
19.0,2003,4.4,2.79561,3.68579
20.0,2003,5.6,2.79561,3.68579
21.0,2003,6.2,2.79561,3.68579
22.0,2003,6.3,2.79561,3.68579
23.0,2003,5.1,2.79561,3.68579
24.0,2003,4.8,2.79561,3.68579
25.0,2003,5.7,2.79561,3.68579
26.0,2003,7.1,2.79561,3.68579
27.0,2003,4.8,2.79561,3.68579
28.0,2003,6.1,2.79561,3.68579
29.0,2003,5.7,2.79561,3.68579
30.0,2003,4.7,2.79561,3.68579
31.0,2003,3.9,2.79561,3.68579
32.0,2003,5.3,2.79561,3.68579
33.0,2003,4.5,2.79561,3.68579
34.0,2003,5.8,2.79561,3.68579
35.0,2003,5.9,2.79561,3.68579
36.0,2003,6.4,2.79561,3.68579
37.0,2003,6.7,2.79561,3.68579
38.0,2003,3.5,2.79561,3.68579
39.0,2003,6.2,2.79561,3.68579
40.0,2003,5.4,2.79561,3.68579
41.0,2003,8.0,2.79561,3.68579
42.0,2003,5.7,2.79561,3.68579
44.0,2003,5.6,2.79561,3.68579
45.0,2003,7.2,2.79561,3.68579
46.0,2003,3.5,2.79561,3.68579
47.0,2003,5.5,2.79561,3.68579
48.0,2003,6.7,2.79561,3.68579
49.0,2003,5.6,2.79561,3.68579
50.0,2003,4.4,2.79561,3.68579
51.0,2003,4.3,2.79561,3.68579
53.0,2003,7.2,2.79561,3.68579
54.0,2003,6.6,2.79561,3.68579
55.0,2003,5.6,2.79561,3.68579
56.0,2003,4.3,2.79561,3.68579
1.0,2004,5.6,3.84777,2.97609
2.0,2004,7.4,3.84777,2.97609
4.0,2004,5.0,3.84777,2.97609
5.0,2004,5.6,3.84777,2.97609
6.0,2004,6.2,3.84777,2.97609
8.0,2004,5.6,3.84777,2.97609
9.0,2004,5.1,3.84777,2.97609
10.0,2004,4.3,3.84777,2.97609
11.0,2004,8.1,3.84777,2.97609
12.0,2004,3.8,3.84777,2.97609
13.0,2004,5.1,3.84777,2.97609
15.0,2004,3.3,3.84777,2.97609
16.0,2004,4.9,3.84777,2.97609
17.0,2004,6.2,3.84777,2.97609
18.0,2004,5.4,3.84777,2.97609
19.0,2004,4.5,3.84777,2.97609
20.0,2004,5.5,3.84777,2.97609
21.0,2004,5.5,3.84777,2.97609
22.0,2004,5.7,3.84777,2.97609
23.0,2004,4.7,3.84777,2.97609
24.0,2004,4.6,3.84777,2.97609
25.0,2004,5.1,3.84777,2.97609
26.0,2004,7.0,3.84777,2.97609
27.0,2004,4.6,3.84777,2.97609
28.0,2004,6.2,3.84777,2.97609
29.0,2004,5.9,3.84777,2.97609
30.0,2004,4.5,3.84777,2.97609
31.0,2004,3.9,3.84777,2.97609
32.0,2004,4.5,3.84777,2.97609
33.0,2004,3.8,3.84777,2.97609
34.0,2004,4.9,3.84777,2.97609
35.0,2004,5.6,3.84777,2.97609
36.0,2004,5.8,3.84777,2.97609
37.0,2004,5.9,3.84777,2.97609
38.0,2004,3.4,3.84777,2.97609
39.0,2004,6.2,3.84777,2.97609
40.0,2004,4.7,3.84777,2.97609
41.0,2004,7.3,3.84777,2.97609
42.0,2004,5.4,3.84777,2.97609
44.0,2004,5.2,3.84777,2.97609
45.0,2004,7.4,3.84777,2.97609
46.0,2004,3.6,3.84777,2.97609
47.0,2004,5.4,3.84777,2.97609
48.0,2004,6.0,3.84777,2.97609
49.0,2004,5.0,3.84777,2.97609
50.0,2004,3.7,3.84777,2.97609
51.0,2004,4.1,3.84777,2.97609
53.0,2004,6.3,3.84777,2.97609
54.0,2004,5.8,3.84777,2.97609
55.0,2004,5.0,3.84777,2.97609
56.0,2004,3.8,3.84777,2.97609
1.0,2005,4.5,3.48355,2.18621
2.0,2005,6.9,3.48355,2.18621
4.0,2005,4.7,3.48355,2.18621
5.0,2005,5.3,3.48355,2.18621
6.0,2005,5.4,3.48355,2.18621
8.0,2005,5.1,3.48355,2.18621
9.0,2005,4.8,3.48355,2.18621
10.0,2005,4.5,3.48355,2.18621
11.0,2005,7.0,3.48355,2.18621
12.0,2005,2.9,3.48355,2.18621
13.0,2005,5.7,3.48355,2.18621
15.0,2005,2.8,3.48355,2.18621
16.0,2005,4.0,3.48355,2.18621
17.0,2005,5.7,3.48355,2.18621
18.0,2005,5.4,3.48355,2.18621
19.0,2005,4.3,3.48355,2.18621
20.0,2005,5.1,3.48355,2.18621
21.0,2005,5.9,3.48355,2.18621
22.0,2005,7.1,3.48355,2.18621
23.0,2005,4.9,3.48355,2.18621
24.0,2005,4.5,3.48355,2.18621
25.0,2005,4.8,3.48355,2.18621
26.0,2005,6.8,3.48355,2.18621
27.0,2005,4.1,3.48355,2.18621
28.0,2005,7.6,3.48355,2.18621
29.0,2005,5.4,3.48355,2.18621
30.0,2005,4.1,3.48355,2.18621
31.0,2005,3.8,3.48355,2.18621
32.0,2005,4.1,3.48355,2.18621
33.0,2005,3.6,3.48355,2.18621
34.0,2005,4.4,3.48355,2.18621
35.0,2005,5.2,3.48355,2.18621
36.0,2005,5.0,3.48355,2.18621
37.0,2005,5.6,3.48355,2.18621
38.0,2005,3.3,3.48355,2.18621
39.0,2005,5.9,3.48355,2.18621
40.0,2005,4.3,3.48355,2.18621
41.0,2005,6.2,3.48355,2.18621
42.0,2005,5.0,3.48355,2.18621
44.0,2005,5.1,3.48355,2.18621
45.0,2005,7.3,3.48355,2.18621
46.0,2005,3.6,3.48355,2.18621
47.0,2005,5.5,3.48355,2.18621
48.0,2005,5.5,3.48355,2.18621
49.0,2005,4.0,3.48355,2.18621
50.0,2005,3.4,3.48355,2.18621
51.0,2005,3.8,3.48355,2.18621
53.0,2005,5.6,3.48355,2.18621
54.0,2005,5.4,3.48355,2.18621
55.0,2005,4.7,3.48355,2.18621
56.0,2005,3.5,3.48355,2.18621
1.0,2006,4.0,2.78453,0.99436
2.0,2006,6.6,2.78453,0.99436
4.0,2006,4.3,2.78453,0.99436
5.0,2006,5.2,2.78453,0.99436
6.0,2006,4.9,2.78453,0.99436
8.0,2006,4.3,2.78453,0.99436
9.0,2006,4.4,2.78453,0.99436
10.0,2006,3.9,2.78453,0.99436
11.0,2006,6.3,2.78453,0.99436
12.0,2006,2.5,2.78453,0.99436
13.0,2006,5.1,2.78453,0.99436
15.0,2006,2.6,2.78453,0.99436
16.0,2006,3.4,2.78453,0.99436
17.0,2006,4.6,2.78453,0.99436
18.0,2006,5.0,2.78453,0.99436
19.0,2006,3.7,2.78453,0.99436
20.0,2006,4.4,2.78453,0.99436
21.0,2006,5.7,2.78453,0.99436
22.0,2006,4.1,2.78453,0.99436
23.0,2006,4.7,2.78453,0.99436
24.0,2006,4.2,2.78453,0.99436
25.0,2006,4.7,2.78453,0.99436
26.0,2006,7.0,2.78453,0.99436
27.0,2006,4.1,2.78453,0.99436
28.0,2006,6.4,2.78453,0.99436
29.0,2006,4.9,2.78453,0.99436
30.0,2006,3.3,2.78453,0.99436
31.0,2006,3.0,2.78453,0.99436
32.0,2006,4.1,2.78453,0.99436
33.0,2006,3.5,2.78453,0.99436
34.0,2006,4.6,2.78453,0.99436
35.0,2006,4.2,2.78453,0.99436
36.0,2006,4.5,2.78453,0.99436
37.0,2006,5.1,2.78453,0.99436
38.0,2006,3.1,2.78453,0.99436
39.0,2006,5.4,2.78453,0.99436
40.0,2006,3.9,2.78453,0.99436
41.0,2006,5.4,2.78453,0.99436
42.0,2006,4.7,2.78453,0.99436
44.0,2006,5.2,2.78453,0.99436
45.0,2006,6.9,2.78453,0.99436
46.0,2006,3.0,2.78453,0.99436
47.0,2006,5.3,2.78453,0.99436
48.0,2006,5.0,2.78453,0.99436
49.0,2006,2.9,2.78453,0.99436
50.0,2006,3.7,2.78453,0.99436
51.0,2006,3.3,2.78453,0.99436
53.0,2006,5.0,2.78453,0.99436
54.0,2006,5.2,2.78453,0.99436
55.0,2006,4.7,2.78453,0.99436
56.0,2006,3.0,2.78453,0.99436
1.0,2007,4.0,2.00386,1.58088
2.0,2007,6.3,2.00386,1.58088
4.0,2007,3.8,2.00386,1.58088
5.0,2007,5.4,2.00386,1.58088
6.0,2007,5.3,2.00386,1.58088
8.0,2007,3.7,2.00386,1.58088
9.0,2007,4.4,2.00386,1.58088
10.0,2007,3.6,2.00386,1.58088
11.0,2007,6.0,2.00386,1.58088
12.0,2007,3.3,2.00386,1.58088
13.0,2007,4.9,2.00386,1.58088
15.0,2007,2.7,2.00386,1.58088
16.0,2007,3.0,2.00386,1.58088
17.0,2007,5.1,2.00386,1.58088
18.0,2007,4.6,2.00386,1.58088
19.0,2007,3.7,2.00386,1.58088
20.0,2007,4.2,2.00386,1.58088
21.0,2007,5.4,2.00386,1.58088
22.0,2007,4.1,2.00386,1.58088
23.0,2007,4.7,2.00386,1.58088
24.0,2007,3.7,2.00386,1.58088
25.0,2007,4.5,2.00386,1.58088
26.0,2007,7.1,2.00386,1.58088
27.0,2007,4.6,2.00386,1.58088
28.0,2007,6.1,2.00386,1.58088
29.0,2007,5.1,2.00386,1.58088
30.0,2007,3.4,2.00386,1.58088
31.0,2007,2.9,2.00386,1.58088
32.0,2007,4.6,2.00386,1.58088
33.0,2007,3.5,2.00386,1.58088
34.0,2007,4.2,2.00386,1.58088
35.0,2007,3.6,2.00386,1.58088
36.0,2007,4.4,2.00386,1.58088
37.0,2007,5.1,2.00386,1.58088
38.0,2007,3.0,2.00386,1.58088
39.0,2007,5.6,2.00386,1.58088
40.0,2007,4.0,2.00386,1.58088
41.0,2007,5.2,2.00386,1.58088
42.0,2007,4.6,2.00386,1.58088
44.0,2007,5.1,2.00386,1.58088
45.0,2007,6.1,2.00386,1.58088
46.0,2007,2.8,2.00386,1.58088
47.0,2007,4.6,2.00386,1.58088
48.0,2007,4.4,2.00386,1.58088
49.0,2007,2.6,2.00386,1.58088
50.0,2007,3.9,2.00386,1.58088
51.0,2007,3.3,2.00386,1.58088
53.0,2007,4.6,2.00386,1.58088
54.0,2007,4.8,2.00386,1.58088
55.0,2007,4.8,2.00386,1.58088
56.0,2007,2.7,2.00386,1.58088
1.0,2008,5.9,0.11358,1.31000
2.0,2008,6.5,0.11358,1.31000
4.0,2008,5.8,0.11358,1.31000
5.0,2008,5.4,0.11358,1.31000
6.0,2008,7.3,0.11358,1.31000
8.0,2008,4.9,0.11358,1.31000
9.0,2008,5.6,0.11358,1.31000
10.0,2008,5.0,0.11358,1.31000
11.0,2008,6.8,0.11358,1.31000
12.0,2008,5.7,0.11358,1.31000
13.0,2008,6.8,0.11358,1.31000
15.0,2008,4.0,0.11358,1.31000
16.0,2008,5.0,0.11358,1.31000
17.0,2008,6.5,0.11358,1.31000
18.0,2008,5.9,0.11358,1.31000
19.0,2008,4.2,0.11358,1.31000
20.0,2008,4.6,0.11358,1.31000
21.0,2008,6.5,0.11358,1.31000
22.0,2008,4.7,0.11358,1.31000
23.0,2008,5.4,0.11358,1.31000
24.0,2008,4.5,0.11358,1.31000
25.0,2008,5.3,0.11358,1.31000
26.0,2008,8.2,0.11358,1.31000
27.0,2008,5.4,0.11358,1.31000
28.0,2008,6.7,0.11358,1.31000
29.0,2008,6.2,0.11358,1.31000
30.0,2008,4.7,0.11358,1.31000
31.0,2008,3.3,0.11358,1.31000
32.0,2008,6.9,0.11358,1.31000
33.0,2008,3.8,0.11358,1.31000
34.0,2008,5.4,0.11358,1.31000
35.0,2008,4.3,0.11358,1.31000
36.0,2008,5.4,0.11358,1.31000
37.0,2008,6.2,0.11358,1.31000
38.0,2008,3.1,0.11358,1.31000
39.0,2008,6.6,0.11358,1.31000
40.0,2008,3.6,0.11358,1.31000
41.0,2008,6.3,0.11358,1.31000
42.0,2008,5.4,0.11358,1.31000
44.0,2008,7.6,0.11358,1.31000
45.0,2008,7.3,0.11358,1.31000
46.0,2008,3.1,0.11358,1.31000
47.0,2008,6.5,0.11358,1.31000
48.0,2008,4.9,0.11358,1.31000
49.0,2008,3.3,0.11358,1.31000
50.0,2008,4.6,0.11358,1.31000
51.0,2008,4.3,0.11358,1.31000
53.0,2008,5.3,0.11358,1.31000
54.0,2008,4.8,0.11358,1.31000
55.0,2008,5.0,0.11358,1.31000
56.0,2008,2.9,0.11358,1.31000
1.0,2009,10.1,-2.57650,4.06883
2.0,2009,8.0,-2.57650,4.06883
4.0,2009,9.7,-2.57650,4.06883
5.0,2009,7.7,-2.57650,4.06883
6.0,2009,11.5,-2.57650,4.06883
8.0,2009,7.9,-2.57650,4.06883
9.0,2009,8.3,-2.57650,4.06883
10.0,2009,8.3,-2.57650,4.06883
11.0,2009,10.0,-2.57650,4.06883
12.0,2009,9.6,-2.57650,4.06883
13.0,2009,10.4,-2.57650,4.06883
15.0,2009,6.7,-2.57650,4.06883
16.0,2009,8.7,-2.57650,4.06883
17.0,2009,10.2,-2.57650,4.06883
18.0,2009,10.4,-2.57650,4.06883
19.0,2009,6.4,-2.57650,4.06883
20.0,2009,6.9,-2.57650,4.06883
21.0,2009,10.8,-2.57650,4.06883
22.0,2009,6.8,-2.57650,4.06883
23.0,2009,8.4,-2.57650,4.06883
24.0,2009,7.6,-2.57650,4.06883
25.0,2009,8.1,-2.57650,4.06883
26.0,2009,13.1,-2.57650,4.06883
27.0,2009,7.9,-2.57650,4.06883
28.0,2009,9.4,-2.57650,4.06883
29.0,2009,9.0,-2.57650,4.06883
30.0,2009,7.1,-2.57650,4.06883
31.0,2009,4.7,-2.57650,4.06883
32.0,2009,11.7,-2.57650,4.06883
33.0,2009,6.1,-2.57650,4.06883
34.0,2009,8.9,-2.57650,4.06883
35.0,2009,7.0,-2.57650,4.06883
36.0,2009,8.4,-2.57650,4.06883
37.0,2009,11.0,-2.57650,4.06883
38.0,2009,3.9,-2.57650,4.06883
39.0,2009,10.1,-2.57650,4.06883
40.0,2009,6.6,-2.57650,4.06883
41.0,2009,10.8,-2.57650,4.06883
42.0,2009,8.0,-2.57650,4.06883
44.0,2009,11.4,-2.57650,4.06883
45.0,2009,11.4,-2.57650,4.06883
46.0,2009,4.6,-2.57650,4.06883
47.0,2009,10.1,-2.57650,4.06883
48.0,2009,7.5,-2.57650,4.06883
49.0,2009,7.3,-2.57650,4.06883
50.0,2009,6.2,-2.57650,4.06883
51.0,2009,6.8,-2.57650,4.06883
53.0,2009,8.3,-2.57650,4.06883
54.0,2009,8.3,-2.57650,4.06883
55.0,2009,9.0,-2.57650,4.06883
56.0,2009,6.3,-2.57650,4.06883
1.0,2010,10.4,2.69519,3.12785
2.0,2010,8.1,2.69519,3.12785
4.0,2010,10.3,2.69519,3.12785
5.0,2010,7.9,2.69519,3.12785
6.0,2010,12.5,2.69519,3.12785
8.0,2010,9.1,2.69519,3.12785
9.0,2010,9.6,2.69519,3.12785
10.0,2010,8.7,2.69519,3.12785
11.0,2010,10.0,2.69519,3.12785
12.0,2010,10.8,2.69519,3.12785
13.0,2010,10.7,2.69519,3.12785
15.0,2010,6.8,2.69519,3.12785
16.0,2010,8.8,2.69519,3.12785
17.0,2010,10.5,2.69519,3.12785
18.0,2010,10.1,2.69519,3.12785
19.0,2010,6.1,2.69519,3.12785
20.0,2010,6.9,2.69519,3.12785
21.0,2010,10.3,2.69519,3.12785
22.0,2010,7.5,2.69519,3.12785
23.0,2010,8.4,2.69519,3.12785
24.0,2010,7.8,2.69519,3.12785
25.0,2010,8.1,2.69519,3.12785
26.0,2010,12.2,2.69519,3.12785
27.0,2010,7.4,2.69519,3.12785
28.0,2010,10.1,2.69519,3.12785
29.0,2010,9.5,2.69519,3.12785
30.0,2010,7.2,2.69519,3.12785
31.0,2010,4.7,2.69519,3.12785
32.0,2010,13.7,2.69519,3.12785
33.0,2010,6.1,2.69519,3.12785
34.0,2010,9.7,2.69519,3.12785
35.0,2010,7.8,2.69519,3.12785
36.0,2010,8.7,2.69519,3.12785
37.0,2010,10.7,2.69519,3.12785
38.0,2010,3.7,2.69519,3.12785
39.0,2010,10.3,2.69519,3.12785
40.0,2010,6.5,2.69519,3.12785
41.0,2010,10.7,2.69519,3.12785
42.0,2010,8.2,2.69519,3.12785
44.0,2010,11.6,2.69519,3.12785
45.0,2010,11.3,2.69519,3.12785
46.0,2010,4.9,2.69519,3.12785
47.0,2010,9.8,2.69519,3.12785
48.0,2010,8.2,2.69519,3.12785
49.0,2010,7.9,2.69519,3.12785
50.0,2010,6.3,2.69519,3.12785
51.0,2010,7.3,2.69519,3.12785
53.0,2010,9.1,2.69519,3.12785
54.0,2010,8.6,2.69519,3.12785
55.0,2010,8.5,2.69519,3.12785
56.0,2010,6.9,2.69519,3.12785
1.0,2011,9.6,1.56441,-0.02623
2.0,2011,7.7,1.56441,-0.02623
4.0,2011,9.4,1.56441,-0.02623
5.0,2011,7.9,1.56441,-0.02623
6.0,2011,11.9,1.56441,-0.02623
8.0,2011,8.7,1.56441,-0.02623
9.0,2011,9.0,1.56441,-0.02623
10.0,2011,7.6,1.56441,-0.02623
11.0,2011,10.2,1.56441,-0.02623
12.0,2011,10.0,1.56441,-0.02623
13.0,2011,10.2,1.56441,-0.02623
15.0,2011,6.8,1.56441,-0.02623
16.0,2011,8.2,1.56441,-0.02623
17.0,2011,9.8,1.56441,-0.02623
18.0,2011,8.9,1.56441,-0.02623
19.0,2011,5.6,1.56441,-0.02623
20.0,2011,6.4,1.56441,-0.02623
21.0,2011,9.4,1.56441,-0.02623
22.0,2011,7.4,1.56441,-0.02623
23.0,2011,7.7,1.56441,-0.02623
24.0,2011,7.3,1.56441,-0.02623
25.0,2011,7.2,1.56441,-0.02623
26.0,2011,10.0,1.56441,-0.02623
27.0,2011,6.5,1.56441,-0.02623
28.0,2011,9.8,1.56441,-0.02623
29.0,2011,8.6,1.56441,-0.02623
30.0,2011,6.6,1.56441,-0.02623
31.0,2011,4.4,1.56441,-0.02623
32.0,2011,13.3,1.56441,-0.02623
33.0,2011,5.4,1.56441,-0.02623
34.0,2011,9.4,1.56441,-0.02623
35.0,2011,7.2,1.56441,-0.02623
36.0,2011,8.4,1.56441,-0.02623
37.0,2011,10.2,1.56441,-0.02623
38.0,2011,3.4,1.56441,-0.02623
39.0,2011,8.8,1.56441,-0.02623
40.0,2011,5.6,1.56441,-0.02623
41.0,2011,9.6,1.56441,-0.02623
42.0,2011,7.7,1.56441,-0.02623
44.0,2011,11.0,1.56441,-0.02623
45.0,2011,10.4,1.56441,-0.02623
46.0,2011,4.6,1.56441,-0.02623
47.0,2011,9.1,1.56441,-0.02623
48.0,2011,8.0,1.56441,-0.02623
49.0,2011,7.1,1.56441,-0.02623
50.0,2011,5.6,1.56441,-0.02623
51.0,2011,6.5,1.56441,-0.02623
53.0,2011,8.5,1.56441,-0.02623
54.0,2011,7.8,1.56441,-0.02623
55.0,2011,7.5,1.56441,-0.02623
56.0,2011,6.1,1.56441,-0.02623
1.0,2012,8.2,2.28911,0.93274
2.0,2012,7.2,2.28911,0.93274
4.0,2012,8.4,2.28911,0.93274
5.0,2012,7.3,2.28911,0.93274
6.0,2012,10.5,2.28911,0.93274
8.0,2012,8.0,2.28911,0.93274
9.0,2012,8.4,2.28911,0.93274
10.0,2012,7.1,2.28911,0.93274
11.0,2012,9.0,2.28911,0.93274
12.0,2012,8.7,2.28911,0.93274
13.0,2012,9.0,2.28911,0.93274
15.0,2012,5.9,2.28911,0.93274
16.0,2012,7.4,2.28911,0.93274
17.0,2012,9.0,2.28911,0.93274
18.0,2012,8.2,2.28911,0.93274
19.0,2012,5.1,2.28911,0.93274
20.0,2012,5.7,2.28911,0.93274
21.0,2012,8.2,2.28911,0.93274
22.0,2012,6.8,2.28911,0.93274
23.0,2012,7.2,2.28911,0.93274
24.0,2012,6.9,2.28911,0.93274
25.0,2012,6.7,2.28911,0.93274
26.0,2012,9.1,2.28911,0.93274
27.0,2012,5.6,2.28911,0.93274
28.0,2012,8.8,2.28911,0.93274
29.0,2012,7.2,2.28911,0.93274
30.0,2012,5.8,2.28911,0.93274
31.0,2012,3.9,2.28911,0.93274
32.0,2012,11.6,2.28911,0.93274
33.0,2012,5.5,2.28911,0.93274
34.0,2012,9.4,2.28911,0.93274
35.0,2012,7.0,2.28911,0.93274
36.0,2012,8.6,2.28911,0.93274
37.0,2012,9.5,2.28911,0.93274
38.0,2012,2.9,2.28911,0.93274
39.0,2012,7.4,2.28911,0.93274
40.0,2012,5.1,2.28911,0.93274
41.0,2012,8.8,2.28911,0.93274
42.0,2012,7.7,2.28911,0.93274
44.0,2012,10.2,2.28911,0.93274
45.0,2012,9.0,2.28911,0.93274
46.0,2012,4.1,2.28911,0.93274
47.0,2012,8.0,2.28911,0.93274
48.0,2012,6.7,2.28911,0.93274
49.0,2012,4.8,2.28911,0.93274
50.0,2012,4.8,2.28911,0.93274
51.0,2012,6.0,2.28911,0.93274
53.0,2012,7.6,2.28911,0.93274
54.0,2012,7.3,2.28911,0.93274
55.0,2012,6.9,2.28911,0.93274
56.0,2012,5.5,2.28911,0.93274
1.0,2013,7.3,2.11783,0.60094
2.0,2013,7.0,2.11783,0.60094
4.0,2013,7.8,2.11783,0.60094
5.0,2013,7.0,2.11783,0.60094
6.0,2013,9.0,2.11783,0.60094
8.0,2013,6.8,2.11783,0.60094
9.0,2013,8.0,2.11783,0.60094
10.0,2013,6.6,2.11783,0.60094
11.0,2013,8.4,2.11783,0.60094
12.0,2013,7.5,2.11783,0.60094
13.0,2013,8.1,2.11783,0.60094
15.0,2013,4.8,2.11783,0.60094
16.0,2013,6.8,2.11783,0.60094
17.0,2013,9.1,2.11783,0.60094
18.0,2013,7.5,2.11783,0.60094
19.0,2013,4.7,2.11783,0.60094
20.0,2013,5.3,2.11783,0.60094
21.0,2013,7.9,2.11783,0.60094
22.0,2013,6.4,2.11783,0.60094
23.0,2013,6.7,2.11783,0.60094
24.0,2013,6.5,2.11783,0.60094
25.0,2013,6.6,2.11783,0.60094
26.0,2013,8.7,2.11783,0.60094
27.0,2013,5.0,2.11783,0.60094
28.0,2013,8.5,2.11783,0.60094
29.0,2013,6.8,2.11783,0.60094
30.0,2013,5.3,2.11783,0.60094
31.0,2013,3.7,2.11783,0.60094
32.0,2013,10.0,2.11783,0.60094
33.0,2013,5.2,2.11783,0.60094
34.0,2013,8.4,2.11783,0.60094
35.0,2013,6.9,2.11783,0.60094
36.0,2013,7.8,2.11783,0.60094
37.0,2013,7.7,2.11783,0.60094
38.0,2013,2.9,2.11783,0.60094
39.0,2013,7.5,2.11783,0.60094
40.0,2013,5.1,2.11783,0.60094
41.0,2013,7.8,2.11783,0.60094
42.0,2013,7.1,2.11783,0.60094
44.0,2013,9.5,2.11783,0.60094
45.0,2013,7.4,2.11783,0.60094
46.0,2013,3.7,2.11783,0.60094
47.0,2013,7.7,2.11783,0.60094
48.0,2013,6.3,2.11783,0.60094
49.0,2013,4.2,2.11783,0.60094
50.0,2013,4.4,2.11783,0.60094
51.0,2013,5.6,2.11783,0.60094
53.0,2013,6.6,2.11783,0.60094
54.0,2013,6.7,2.11783,0.60094
55.0,2013,6.6,2.11783,0.60094
56.0,2013,4.7,2.11783,0.60094
1.0,2014,6.7,2.52382,1.00341
2.0,2014,6.7,2.52382,1.00341
4.0,2014,6.8,2.52382,1.00341
5.0,2014,5.9,2.52382,1.00341
6.0,2014,7.6,2.52382,1.00341
8.0,2014,5.0,2.52382,1.00341
9.0,2014,6.6,2.52382,1.00341
10.0,2014,5.6,2.52382,1.00341
11.0,2014,7.7,2.52382,1.00341
12.0,2014,6.4,2.52382,1.00341
13.0,2014,7.1,2.52382,1.00341
15.0,2014,4.2,2.52382,1.00341
16.0,2014,4.4,2.52382,1.00341
17.0,2014,7.2,2.52382,1.00341
18.0,2014,6.0,2.52382,1.00341
19.0,2014,4.2,2.52382,1.00341
20.0,2014,4.5,2.52382,1.00341
21.0,2014,6.4,2.52382,1.00341
22.0,2014,6.2,2.52382,1.00341
23.0,2014,5.6,2.52382,1.00341
24.0,2014,5.7,2.52382,1.00341
25.0,2014,5.7,2.52382,1.00341
26.0,2014,7.2,2.52382,1.00341
27.0,2014,4.3,2.52382,1.00341
28.0,2014,7.6,2.52382,1.00341
29.0,2014,6.1,2.52382,1.00341
30.0,2014,4.7,2.52382,1.00341
31.0,2014,3.2,2.52382,1.00341
32.0,2014,8.2,2.52382,1.00341
33.0,2014,4.3,2.52382,1.00341
34.0,2014,6.7,2.52382,1.00341
35.0,2014,6.6,2.52382,1.00341
36.0,2014,6.3,2.52382,1.00341
37.0,2014,6.1,2.52382,1.00341
38.0,2014,2.6,2.52382,1.00341
39.0,2014,5.8,2.52382,1.00341
40.0,2014,4.3,2.52382,1.00341
41.0,2014,6.6,2.52382,1.00341
42.0,2014,5.9,2.52382,1.00341
44.0,2014,7.8,2.52382,1.00341
45.0,2014,6.3,2.52382,1.00341
46.0,2014,3.3,2.52382,1.00341
47.0,2014,6.6,2.52382,1.00341
48.0,2014,5.2,2.52382,1.00341
49.0,2014,3.6,2.52382,1.00341
50.0,2014,4.0,2.52382,1.00341
51.0,2014,5.1,2.52382,1.00341
53.0,2014,5.9,2.52382,1.00341
54.0,2014,6.5,2.52382,1.00341
55.0,2014,5.4,2.52382,1.00341
56.0,2014,4.3,2.52382,1.00341
1.0,2015,6.1,2.94555,1.26422
2.0,2015,6.3,2.94555,1.26422
4.0,2015,6.1,2.94555,1.26422
5.0,2015,5.0,2.94555,1.26422
6.0,2015,6.2,2.94555,1.26422
8.0,2015,3.7,2.94555,1.26422
9.0,2015,5.6,2.94555,1.26422
10.0,2015,4.8,2.94555,1.26422
11.0,2015,6.9,2.94555,1.26422
12.0,2015,5.5,2.94555,1.26422
13.0,2015,6.1,2.94555,1.26422
15.0,2015,3.4,2.94555,1.26422
16.0,2015,3.9,2.94555,1.26422
17.0,2015,6.0,2.94555,1.26422
18.0,2015,4.8,2.94555,1.26422
19.0,2015,3.7,2.94555,1.26422
20.0,2015,4.1,2.94555,1.26422
21.0,2015,5.2,2.94555,1.26422
22.0,2015,6.3,2.94555,1.26422
23.0,2015,4.4,2.94555,1.26422
24.0,2015,5.0,2.94555,1.26422
25.0,2015,4.8,2.94555,1.26422
26.0,2015,5.4,2.94555,1.26422
27.0,2015,3.8,2.94555,1.26422
28.0,2015,6.5,2.94555,1.26422
29.0,2015,5.1,2.94555,1.26422
30.0,2015,4.3,2.94555,1.26422
31.0,2015,3.0,2.94555,1.26422
32.0,2015,6.8,2.94555,1.26422
33.0,2015,3.4,2.94555,1.26422
34.0,2015,5.7,2.94555,1.26422
35.0,2015,6.6,2.94555,1.26422
36.0,2015,5.2,2.94555,1.26422
37.0,2015,5.7,2.94555,1.26422
38.0,2015,2.8,2.94555,1.26422
39.0,2015,5.0,2.94555,1.26422
40.0,2015,4.3,2.94555,1.26422
41.0,2015,5.5,2.94555,1.26422
42.0,2015,5.4,2.94555,1.26422
44.0,2015,6.0,2.94555,1.26422
45.0,2015,5.9,2.94555,1.26422
46.0,2015,3.1,2.94555,1.26422
47.0,2015,5.6,2.94555,1.26422
48.0,2015,4.5,2.94555,1.26422
49.0,2015,3.5,2.94555,1.26422
50.0,2015,3.5,2.94555,1.26422
51.0,2015,4.4,2.94555,1.26422
53.0,2015,5.4,2.94555,1.26422
54.0,2015,6.6,2.94555,1.26422
55.0,2015,4.4,2.94555,1.26422
56.0,2015,4.2,2.94555,1.26422
1.0,2016,5.9,1.81945,0.61695
2.0,2016,6.6,1.81945,0.61695
4.0,2016,5.5,1.81945,0.61695
5.0,2016,4.0,1.81945,0.61695
6.0,2016,5.5,1.81945,0.61695
8.0,2016,3.1,1.81945,0.61695
9.0,2016,4.9,1.81945,0.61695
10.0,2016,4.5,1.81945,0.61695
11.0,2016,6.2,1.81945,0.61695
12.0,2016,4.9,1.81945,0.61695
13.0,2016,5.5,1.81945,0.61695
15.0,2016,2.9,1.81945,0.61695
16.0,2016,3.7,1.81945,0.61695
17.0,2016,5.9,1.81945,0.61695
18.0,2016,4.4,1.81945,0.61695
19.0,2016,3.6,1.81945,0.61695
20.0,2016,4.0,1.81945,0.61695
21.0,2016,5.0,1.81945,0.61695
22.0,2016,6.1,1.81945,0.61695
23.0,2016,3.8,1.81945,0.61695
24.0,2016,4.3,1.81945,0.61695
25.0,2016,4.0,1.81945,0.61695
26.0,2016,5.0,1.81945,0.61695
27.0,2016,3.9,1.81945,0.61695
28.0,2016,6.0,1.81945,0.61695
29.0,2016,4.6,1.81945,0.61695
30.0,2016,4.3,1.81945,0.61695
31.0,2016,3.1,1.81945,0.61695
32.0,2016,5.8,1.81945,0.61695
33.0,2016,2.9,1.81945,0.61695
34.0,2016,4.9,1.81945,0.61695
35.0,2016,6.8,1.81945,0.61695
36.0,2016,4.9,1.81945,0.61695
37.0,2016,5.1,1.81945,0.61695
38.0,2016,3.1,1.81945,0.61695
39.0,2016,5.1,1.81945,0.61695
40.0,2016,4.7,1.81945,0.61695
41.0,2016,4.8,1.81945,0.61695
42.0,2016,5.3,1.81945,0.61695
44.0,2016,5.2,1.81945,0.61695
45.0,2016,4.9,1.81945,0.61695
46.0,2016,3.0,1.81945,0.61695
47.0,2016,4.8,1.81945,0.61695
48.0,2016,4.6,1.81945,0.61695
49.0,2016,3.4,1.81945,0.61695
50.0,2016,3.1,1.81945,0.61695
51.0,2016,4.0,1.81945,0.61695
53.0,2016,5.2,1.81945,0.61695
54.0,2016,6.1,1.81945,0.61695
55.0,2016,3.9,1.81945,0.61695
56.0,2016,5.3,1.81945,0.61695
1.0,2017,4.5,2.45762,1.49132
2.0,2017,6.5,2.45762,1.49132
4.0,2017,5.0,2.45762,1.49132
5.0,2017,3.7,2.45762,1.49132
6.0,2017,4.8,2.45762,1.49132
8.0,2017,2.6,2.45762,1.49132
9.0,2017,4.4,2.45762,1.49132
10.0,2017,4.5,2.45762,1.49132
11.0,2017,6.1,2.45762,1.49132
12.0,2017,4.3,2.45762,1.49132
13.0,2017,4.8,2.45762,1.49132
15.0,2017,2.2,2.45762,1.49132
16.0,2017,3.2,2.45762,1.49132
17.0,2017,5.0,2.45762,1.49132
18.0,2017,3.5,2.45762,1.49132
19.0,2017,3.1,2.45762,1.49132
20.0,2017,3.6,2.45762,1.49132
21.0,2017,4.8,2.45762,1.49132
22.0,2017,5.1,2.45762,1.49132
23.0,2017,3.4,2.45762,1.49132
24.0,2017,4.0,2.45762,1.49132
25.0,2017,3.8,2.45762,1.49132
26.0,2017,4.6,2.45762,1.49132
27.0,2017,3.5,2.45762,1.49132
28.0,2017,5.2,2.45762,1.49132
29.0,2017,3.7,2.45762,1.49132
30.0,2017,4.1,2.45762,1.49132
31.0,2017,3.0,2.45762,1.49132
32.0,2017,5.0,2.45762,1.49132
33.0,2017,2.8,2.45762,1.49132
34.0,2017,4.5,2.45762,1.49132
35.0,2017,6.0,2.45762,1.49132
36.0,2017,4.6,2.45762,1.49132
37.0,2017,4.5,2.45762,1.49132
38.0,2017,2.6,2.45762,1.49132
39.0,2017,5.0,2.45762,1.49132
40.0,2017,4.0,2.45762,1.49132
41.0,2017,4.1,2.45762,1.49132
42.0,2017,5.0,2.45762,1.49132
44.0,2017,4.5,2.45762,1.49132
45.0,2017,4.2,2.45762,1.49132
46.0,2017,3.1,2.45762,1.49132
47.0,2017,3.8,2.45762,1.49132
48.0,2017,4.3,2.45762,1.49132
49.0,2017,3.2,2.45762,1.49132
50.0,2017,3.0,2.45762,1.49132
51.0,2017,3.7,2.45762,1.49132
53.0,2017,4.6,2.45762,1.49132
54.0,2017,5.2,2.45762,1.49132
55.0,2017,3.3,2.45762,1.49132
56.0,2017,4.3,2.45762,1.49132
1.0,2018,3.9,2.96650,1.44317
2.0,2018,6.0,2.96650,1.44317
4.0,2018,4.8,2.96650,1.44317
5.0,2018,3.7,2.96650,1.44317
6.0,2018,4.3,2.96650,1.44317
8.0,2018,3.1,2.96650,1.44317
9.0,2018,3.9,2.96650,1.44317
10.0,2018,3.7,2.96650,1.44317
11.0,2018,5.7,2.96650,1.44317
12.0,2018,3.6,2.96650,1.44317
13.0,2018,4.0,2.96650,1.44317
15.0,2018,2.4,2.96650,1.44317
16.0,2018,2.9,2.96650,1.44317
17.0,2018,4.4,2.96650,1.44317
18.0,2018,3.4,2.96650,1.44317
19.0,2018,2.6,2.96650,1.44317
20.0,2018,3.4,2.96650,1.44317
21.0,2018,4.2,2.96650,1.44317
22.0,2018,4.8,2.96650,1.44317
23.0,2018,3.2,2.96650,1.44317
24.0,2018,3.8,2.96650,1.44317
25.0,2018,3.5,2.96650,1.44317
26.0,2018,4.2,2.96650,1.44317
27.0,2018,3.0,2.96650,1.44317
28.0,2018,5.0,2.96650,1.44317
29.0,2018,3.2,2.96650,1.44317
30.0,2018,3.8,2.96650,1.44317
31.0,2018,2.9,2.96650,1.44317
32.0,2018,4.4,2.96650,1.44317
33.0,2018,2.6,2.96650,1.44317
34.0,2018,4.0,2.96650,1.44317
35.0,2018,4.9,2.96650,1.44317
36.0,2018,4.1,2.96650,1.44317
37.0,2018,4.0,2.96650,1.44317
38.0,2018,2.4,2.96650,1.44317
39.0,2018,4.5,2.96650,1.44317
40.0,2018,3.3,2.96650,1.44317
41.0,2018,4.0,2.96650,1.44317
42.0,2018,4.4,2.96650,1.44317
44.0,2018,4.0,2.96650,1.44317
45.0,2018,3.4,2.96650,1.44317
46.0,2018,2.8,2.96650,1.44317
47.0,2018,3.5,2.96650,1.44317
48.0,2018,3.9,2.96650,1.44317
49.0,2018,2.9,2.96650,1.44317
50.0,2018,2.5,2.96650,1.44317
51.0,2018,3.0,2.96650,1.44317
53.0,2018,4.4,2.96650,1.44317
54.0,2018,5.2,2.96650,1.44317
55.0,2018,3.0,2.96650,1.44317
56.0,2018,4.1,2.96650,1.44317
1.0,2019,3.2,2.58383,2.13494
2.0,2019,5.6,2.58383,2.13494
4.0,2019,4.8,2.58383,2.13494
5.0,2019,3.5,2.58383,2.13494
6.0,2019,4.1,2.58383,2.13494
8.0,2019,2.7,2.58383,2.13494
9.0,2019,3.6,2.58383,2.13494
10.0,2019,3.6,2.58383,2.13494
11.0,2019,5.5,2.58383,2.13494
12.0,2019,3.2,2.58383,2.13494
13.0,2019,3.6,2.58383,2.13494
15.0,2019,2.5,2.58383,2.13494
16.0,2019,2.9,2.58383,2.13494
17.0,2019,4.0,2.58383,2.13494
18.0,2019,3.3,2.58383,2.13494
19.0,2019,2.7,2.58383,2.13494
20.0,2019,3.3,2.58383,2.13494
21.0,2019,4.1,2.58383,2.13494
22.0,2019,4.6,2.58383,2.13494
23.0,2019,2.9,2.58383,2.13494
24.0,2019,3.4,2.58383,2.13494
25.0,2019,3.0,2.58383,2.13494
26.0,2019,4.1,2.58383,2.13494
27.0,2019,3.2,2.58383,2.13494
28.0,2019,5.5,2.58383,2.13494
29.0,2019,3.2,2.58383,2.13494
30.0,2019,3.5,2.58383,2.13494
31.0,2019,3.1,2.58383,2.13494
32.0,2019,4.1,2.58383,2.13494
33.0,2019,2.6,2.58383,2.13494
34.0,2019,3.4,2.58383,2.13494
35.0,2019,5.0,2.58383,2.13494
36.0,2019,3.8,2.58383,2.13494
37.0,2019,3.9,2.58383,2.13494
38.0,2019,2.2,2.58383,2.13494
39.0,2019,4.2,2.58383,2.13494
40.0,2019,3.1,2.58383,2.13494
41.0,2019,3.7,2.58383,2.13494
42.0,2019,4.3,2.58383,2.13494
44.0,2019,3.6,2.58383,2.13494
45.0,2019,2.8,2.58383,2.13494
46.0,2019,2.8,2.58383,2.13494
47.0,2019,3.3,2.58383,2.13494
48.0,2019,3.5,2.58383,2.13494
49.0,2019,2.5,2.58383,2.13494
50.0,2019,2.1,2.58383,2.13494
51.0,2019,2.8,2.58383,2.13494
53.0,2019,4.2,2.58383,2.13494
54.0,2019,4.9,2.58383,2.13494
55.0,2019,3.2,2.58383,2.13494
56.0,2019,3.7,2.58383,2.13494
1.0,2020,6.4,-2.16303,5.30803
2.0,2020,8.3,-2.16303,5.30803
4.0,2020,7.8,-2.16303,5.30803
5.0,2020,6.2,-2.16303,5.30803
6.0,2020,10.2,-2.16303,5.30803
8.0,2020,6.8,-2.16303,5.30803
9.0,2020,8.0,-2.16303,5.30803
10.0,2020,7.5,-2.16303,5.30803
11.0,2020,7.9,-2.16303,5.30803
12.0,2020,8.2,-2.16303,5.30803
13.0,2020,6.5,-2.16303,5.30803
15.0,2020,11.9,-2.16303,5.30803
16.0,2020,5.5,-2.16303,5.30803
17.0,2020,9.3,-2.16303,5.30803
18.0,2020,7.3,-2.16303,5.30803
19.0,2020,5.2,-2.16303,5.30803
20.0,2020,5.9,-2.16303,5.30803
21.0,2020,6.4,-2.16303,5.30803
22.0,2020,8.7,-2.16303,5.30803
23.0,2020,5.1,-2.16303,5.30803
24.0,2020,6.5,-2.16303,5.30803
25.0,2020,9.4,-2.16303,5.30803
26.0,2020,10.0,-2.16303,5.30803
27.0,2020,6.3,-2.16303,5.30803
28.0,2020,8.0,-2.16303,5.30803
29.0,2020,6.2,-2.16303,5.30803
30.0,2020,5.8,-2.16303,5.30803
31.0,2020,4.3,-2.16303,5.30803
32.0,2020,13.7,-2.16303,5.30803
33.0,2020,6.7,-2.16303,5.30803
34.0,2020,9.5,-2.16303,5.30803
35.0,2020,7.9,-2.16303,5.30803
36.0,2020,9.8,-2.16303,5.30803
37.0,2020,7.3,-2.16303,5.30803
38.0,2020,5.0,-2.16303,5.30803
39.0,2020,8.3,-2.16303,5.30803
40.0,2020,6.3,-2.16303,5.30803
41.0,2020,7.6,-2.16303,5.30803
42.0,2020,8.9,-2.16303,5.30803
44.0,2020,9.2,-2.16303,5.30803
45.0,2020,6.0,-2.16303,5.30803
46.0,2020,4.2,-2.16303,5.30803
47.0,2020,7.5,-2.16303,5.30803
48.0,2020,7.7,-2.16303,5.30803
49.0,2020,4.9,-2.16303,5.30803
50.0,2020,5.7,-2.16303,5.30803
51.0,2020,6.5,-2.16303,5.30803
53.0,2020,8.5,-2.16303,5.30803
54.0,2020,8.3,-2.16303,5.30803
55.0,2020,6.4,-2.16303,5.30803
56.0,2020,5.9,-2.16303,5.30803
1.0,2021,3.4,6.05506,1.98564
2.0,2021,6.4,6.05506,1.98564
4.0,2021,5.1,6.05506,1.98564
5.0,2021,4.1,6.05506,1.98564
6.0,2021,7.3,6.05506,1.98564
8.0,2021,5.5,6.05506,1.98564
9.0,2021,6.3,6.05506,1.98564
10.0,2021,5.5,6.05506,1.98564
11.0,2021,6.8,6.05506,1.98564
12.0,2021,4.7,6.05506,1.98564
13.0,2021,3.9,6.05506,1.98564
15.0,2021,6.0,6.05506,1.98564
16.0,2021,3.5,6.05506,1.98564
17.0,2021,6.1,6.05506,1.98564
18.0,2021,3.9,6.05506,1.98564
19.0,2021,3.8,6.05506,1.98564
20.0,2021,3.3,6.05506,1.98564
21.0,2021,4.4,6.05506,1.98564
22.0,2021,5.6,6.05506,1.98564
23.0,2021,4.6,6.05506,1.98564
24.0,2021,5.3,6.05506,1.98564
25.0,2021,5.5,6.05506,1.98564
26.0,2021,5.9,6.05506,1.98564
27.0,2021,3.8,6.05506,1.98564
28.0,2021,5.5,6.05506,1.98564
29.0,2021,4.1,6.05506,1.98564
30.0,2021,3.4,6.05506,1.98564
31.0,2021,2.7,6.05506,1.98564
32.0,2021,6.9,6.05506,1.98564
33.0,2021,3.4,6.05506,1.98564
34.0,2021,6.6,6.05506,1.98564
35.0,2021,7.1,6.05506,1.98564
36.0,2021,7.0,6.05506,1.98564
37.0,2021,4.9,6.05506,1.98564
38.0,2021,3.1,6.05506,1.98564
39.0,2021,5.1,6.05506,1.98564
40.0,2021,4.0,6.05506,1.98564
41.0,2021,5.2,6.05506,1.98564
42.0,2021,6.0,6.05506,1.98564
44.0,2021,5.5,6.05506,1.98564
45.0,2021,4.0,6.05506,1.98564
46.0,2021,2.6,6.05506,1.98564
47.0,2021,4.5,6.05506,1.98564
48.0,2021,5.6,6.05506,1.98564
49.0,2021,2.8,6.05506,1.98564
50.0,2021,3.7,6.05506,1.98564
51.0,2021,3.9,6.05506,1.98564
53.0,2021,5.2,6.05506,1.98564
54.0,2021,5.1,6.05506,1.98564
55.0,2021,3.8,6.05506,1.98564
56.0,2021,4.6,6.05506,1.98564
1.0,2022,2.6,2.51238,-1.47680
2.0,2022,4.0,2.51238,-1.47680
4.0,2022,3.8,2.51238,-1.47680
5.0,2022,3.3,2.51238,-1.47680
6.0,2022,4.2,2.51238,-1.47680
8.0,2022,3.0,2.51238,-1.47680
9.0,2022,4.2,2.51238,-1.47680
10.0,2022,4.5,2.51238,-1.47680
11.0,2022,4.6,2.51238,-1.47680
12.0,2022,2.9,2.51238,-1.47680
13.0,2022,3.0,2.51238,-1.47680
15.0,2022,3.5,2.51238,-1.47680
16.0,2022,2.7,2.51238,-1.47680
17.0,2022,4.5,2.51238,-1.47680
18.0,2022,3.0,2.51238,-1.47680
19.0,2022,2.7,2.51238,-1.47680
20.0,2022,2.7,2.51238,-1.47680
21.0,2022,3.9,2.51238,-1.47680
22.0,2022,3.6,2.51238,-1.47680
23.0,2022,2.9,2.51238,-1.47680
24.0,2022,3.2,2.51238,-1.47680
25.0,2022,3.8,2.51238,-1.47680
26.0,2022,4.2,2.51238,-1.47680
27.0,2022,2.7,2.51238,-1.47680
28.0,2022,3.9,2.51238,-1.47680
29.0,2022,2.5,2.51238,-1.47680
30.0,2022,2.6,2.51238,-1.47680
31.0,2022,2.3,2.51238,-1.47680
32.0,2022,5.4,2.51238,-1.47680
33.0,2022,2.5,2.51238,-1.47680
34.0,2022,3.7,2.51238,-1.47680
35.0,2022,4.0,2.51238,-1.47680
36.0,2022,4.2,2.51238,-1.47680
37.0,2022,3.6,2.51238,-1.47680
38.0,2022,2.1,2.51238,-1.47680
39.0,2022,4.0,2.51238,-1.47680
40.0,2022,3.0,2.51238,-1.47680
41.0,2022,4.1,2.51238,-1.47680
42.0,2022,4.4,2.51238,-1.47680
44.0,2022,3.2,2.51238,-1.47680
45.0,2022,3.3,2.51238,-1.47680
46.0,2022,2.1,2.51238,-1.47680
47.0,2022,3.4,2.51238,-1.47680
48.0,2022,3.9,2.51238,-1.47680
49.0,2022,2.3,2.51238,-1.47680
50.0,2022,2.6,2.51238,-1.47680
51.0,2022,2.8,2.51238,-1.47680
53.0,2022,4.2,2.51238,-1.47680
54.0,2022,3.9,2.51238,-1.47680
55.0,2022,2.9,2.51238,-1.47680
56.0,2022,3.6,2.51238,-1.47680
38.0,2023,1.9,2.88755,1.75920
46.0,2023,2.0,2.88755,1.75920
50.0,2023,2.0,2.88755,1.75920
24.0,2023,2.1,2.88755,1.75920
33.0,2023,2.2,2.88755,1.75920
31.0,2023,2.3,2.88755,1.75920
1.0,2023,2.5,2.88755,1.75920
49.0,2023,2.6,2.88755,1.75920
20.0,2023,2.7,2.88755,1.75920
27.0,2023,2.8,2.88755,1.75920
12.0,2023,2.9,2.88755,1.75920
19.0,2023,2.9,2.88755,1.75920
23.0,2023,2.9,2.88755,1.75920
30.0,2023,2.9,2.88755,1.75920
51.0,2023,2.9,2.88755,1.75920
56.0,2023,2.9,2.88755,1.75920
15.0,2023,3.0,2.88755,1.75920
29.0,2023,3.0,2.88755,1.75920
44.0,2023,3.0,2.88755,1.75920
45.0,2023,3.0,2.88755,1.75920
55.0,2023,3.0,2.88755,1.75920
16.0,2023,3.1,2.88755,1.75920
8.0,2023,3.2,2.88755,1.75920
13.0,2023,3.2,2.88755,1.75920
28.0,2023,3.2,2.88755,1.75920
40.0,2023,3.2,2.88755,1.75920
5.0,2023,3.3,2.88755,1.75920
18.0,2023,3.3,2.88755,1.75920
47.0,2023,3.3,2.88755,1.75920
25.0,2023,3.4,2.88755,1.75920
42.0,2023,3.4,2.88755,1.75920
37.0,2023,3.5,2.88755,1.75920
39.0,2023,3.5,2.88755,1.75920
22.0,2023,3.7,2.88755,1.75920
41.0,2023,3.7,2.88755,1.75920
9.0,2023,3.8,2.88755,1.75920
35.0,2023,3.8,2.88755,1.75920
4.0,2023,3.9,2.88755,1.75920
26.0,2023,3.9,2.88755,1.75920
48.0,2023,3.9,2.88755,1.75920
54.0,2023,3.9,2.88755,1.75920
10.0,2023,4.0,2.88755,1.75920
53.0,2023,4.1,2.88755,1.75920
2.0,2023,4.2,2.88755,1.75920
21.0,2023,4.2,2.88755,1.75920
36.0,2023,4.2,2.88755,1.75920
34.0,2023,4.4,2.88755,1.75920
17.0,2023,4.5,2.88755,1.75920
6.0,2023,4.8,2.88755,1.75920
11.0,2023,4.9,2.88755,1.75920
32.0,2023,5.1,2.88755,1.75920
